School Name,Primary Division,Sport Division,Subdivision,Membership Status,Primary Conference,Sport Conference,HBCU/Non-HBCU,Public/Private,Carnegie Classification,City/State ,Primary URL,Secondary URL,Primary Icon,Updated Latitude,Updated Longitude
Boston College,Division I,Division I,DI FBS,Active Member,Atlantic Coast Conference,Atlantic Coast Conference,Non-HBCU,Private,Research Universities,"Chestnut Hill, MA",www.bc.edu,www.bceagles.com,1_1.site.png,42.3306529,-71.1661647
"University of Massachusetts, Amherst",Division I,Division I,DI FBS,Active Member,Atlantic 10 Conference,Independent,Non-HBCU,Public,Research Universities,"Amherst, MA",www.umass.edu/,www.umassathletics.com,2_2.site.png,42.3685658,-72.505714
University of Connecticut,Division I,Division I,DI FBS,Active Member,American Athletic Conference,American Athletic Conference,Non-HBCU,Public,Research Universities,"Storrs, CT",www.uconn.edu,www.uconnhuskies.com,3_3.site.png,41.8058137,-72.25423601022806
U.S. Military Academy,Division I,Division I,DI FBS,Active Member,Patriot League,Independent,Non-HBCU,Public,Baccalaureate Colleges,"West Point, NY",www.goArmyWestPoint.com,www.usma.edu/,4_4.favicon-16x16.png,40.8512481,-72.5359869
Syracuse University,Division I,Division I,DI FBS,Active Member,Atlantic Coast Conference,Atlantic Coast Conference,Non-HBCU,Private,Research Universities,"Syracuse, NY",suathletics.com,www.syr.edu/,5_5.apple-touch-icon.png,43.0481221,-76.1474244
"Rutgers, The State University of New Jersey, New Brunswick",Division I,Division I,DI FBS,Active Member,Big Ten Conference,Big Ten Conference,Non-HBCU,Public,Research Universities,"New Brunswick, NJ",www.rutgers.edu,www.scarletknights.com,6_6.site.png,40.4862174,-74.4518173
Temple University,Division I,Division I,DI FBS,Active Member,American Athletic Conference,American Athletic Conference,Non-HBCU,Public,Research Universities,"Philadelphia, PA",www.owlsports.com,www.temple.edu/,7_7.favicon.ico,39.9527237,-75.1635262
Pennsylvania State University,Division I,Division I,DI FBS,Active Member,Big Ten Conference,Big Ten Conference,Non-HBCU,Public,Research Universities,"University Park, PA",goPSUsports.com,www.psu.edu,8_8.favicon.ico,40.8087493,-77.8585662
University of Virginia,Division I,Division I,DI FBS,Active Member,Atlantic Coast Conference,Atlantic Coast Conference,Non-HBCU,Public,Research Universities,"Charlottesville, VA",www.virginia.edu/,www.virginiasports.com/,9_9.amt-Yurr3nfY8WdRkHUr-5682871a-basketball_crop.jpg,38.029306,-78.4766781
Liberty University,Division I,Division I,DI FBS,Active Member,ASUN Conference,Independent,Non-HBCU,Private,Research Universities,"Lynchburg, VA",www.LibertyFlames.com,www.liberty.edu,10_10.favicon.ico,37.4137536,-79.1422464
Marshall University,Division I,Division I,DI FBS,Active Member,Conference USA,Conference USA,Non-HBCU,Public,Research Universities,"Huntington, WV",www.herdzone.com,www.marshall.edu,11_11.favicon.ico,38.4192496,-82.445154
Old Dominion University,Division I,Division I,DI FBS,Active Member,Conference USA,Conference USA,Non-HBCU,Public,Research Universities,"Norfolk, VA",www.odu.edu,www.odusports.com,12_12.site.png,36.8462923,-76.2929252
U.S. Naval Academy,Division I,Division I,DI FBS,Active Member,Patriot League,American Athletic Conference,Non-HBCU,Public,Baccalaureate Colleges,"Annapolis, MD",www.navysports.com,www.usna.edu/,13_13.favicon.ico,38.9786401,-76.492786
Duke University,Division I,Division I,DI FBS,Active Member,Atlantic Coast Conference,Atlantic Coast Conference,Non-HBCU,Private,Research Universities,"Durham, NC",www.duke.edu,www.goduke.com,14_14.favicon.ico,35.996653,-78.9018053
West Virginia University,Division I,Division I,DI FBS,Active Member,Big 12 Conference,Big 12 Conference,Non-HBCU,Public,Research Universities,"Morgantown, WV",www.wvu.edu,www.wvusports.com,15_15.site.png,39.6296809,-79.9559437
University of Akron,Division I,Division I,DI FBS,Active Member,Mid-American Conference,Mid-American Conference,Non-HBCU,Public,Research Universities,"Akron, OH",www.gozips.com,www.uakron.edu,16_16.favicon.ico,41.083064,-81.518485
Ohio University,Division I,Division I,DI FBS,Active Member,Mid-American Conference,Mid-American Conference,Non-HBCU,Public,Research Universities,"Athens, OH",www.OhioBobcats.com,www.ohio.edu,17_17_logo.jpg,39.355589,-82.0610404
Bowling Green State University,Division I,Division I,DI FBS,Active Member,Mid-American Conference,Mid-American Conference,Non-HBCU,Public,Research Universities,"Bowling Green, OH",www.bgsu.edu,www.bgsufalcons.com,18_18.site.png,41.3747744,-83.6513229
University of Toledo,Division I,Division I,DI FBS,Active Member,Mid-American Conference,Mid-American Conference,Non-HBCU,Public,Research Universities,"Toledo, OH",www.utoledo.edu,www.utrockets.com,19_19.favicon.ico,41.6786754,-83.5127283
Eastern Michigan University,Division I,Division I,DI FBS,Active Member,Mid-American Conference,Mid-American Conference,Non-HBCU,Public,Research Universities,"Ypsilanti, MI",www.emich.edu/,www.emueagles.com,20_20.site.png,42.24253,-83.6171426940706
Michigan State University,Division I,Division I,DI FBS,Active Member,Big Ten Conference,Big Ten Conference,Non-HBCU,Public,Research Universities,"East Lansing, MI",www.msu.edu,www.msuspartans.com,21_21.site.png,42.7355416,-84.4852469
Central Michigan University,Division I,Division I,DI FBS,Active Member,Mid-American Conference,Mid-American Conference,Non-HBCU,Public,Research Universities,"Mount Pleasant, MI",www.cmich.edu,www.cmuchippewas.com,22_22.favicon.ico,43.597646,-84.7668495
Western Michigan University,Division I,Division I,DI FBS,Active Member,Mid-American Conference,Mid-American Conference,Non-HBCU,Public,Research Universities,"Kalamazoo, MI",www.wmich.edu,www.wmubroncos.com,23_23.favicon.ico,42.291707,-85.5872286
"University at Buffalo, the State University of New York",Division I,Division I,DI FBS,Active Member,Mid-American Conference,Mid-American Conference,Non-HBCU,Public,Research Universities,"Buffalo, NY",www.buffalo.edu,www.ubbulls.com,24_24.site.png,42.8867166,-78.8783922
University of Pittsburgh,Division I,Division I,DI FBS,Active Member,Atlantic Coast Conference,Atlantic Coast Conference,Non-HBCU,Public,Research Universities,"Pittsburgh, PA",www.pitt.edu,www.pittsburghpanthers.com,25_25.site.png,40.4416941,-79.9900861
Virginia Polytechnic Institute and State University,Division I,Division I,DI FBS,Active Member,Atlantic Coast Conference,Atlantic Coast Conference,Non-HBCU,Public,Research Universities,"Blacksburg, VA",www.hokiesports.com,www.vt.edu,26_26.favicon.ico,37.2296566,-80.4136767
North Carolina State University,Division I,Division I,DI FBS,Active Member,Atlantic Coast Conference,Atlantic Coast Conference,Non-HBCU,Public,Research Universities,"Raleigh, NC",www.gopack.com,www.ncsu.edu,27_27.favicon.ico,35.7803977,-78.6390989
"University of North Carolina, Chapel Hill",Division I,Division I,DI FBS,Active Member,Atlantic Coast Conference,Atlantic Coast Conference,Non-HBCU,Public,Research Universities,"Chapel Hill, NC",www.goheels.com,www.unc.edu,28_28.010717_old_well_summer011.jpg,35.9131542,-79.05578
The University of North Carolina at Charlotte,Division I,Division I,DI FBS,Active Member,Conference USA,Conference USA,Non-HBCU,Public,Research Universities,"Charlotte, NC",www.charlotte49ers.com,www.uncc.edu,29_29.favicon.ico,35.2272,-80.843083
Wake Forest University,Division I,Division I,DI FBS,Active Member,Atlantic Coast Conference,Atlantic Coast Conference,Non-HBCU,Private,Research Universities,"Winston-Salem, NC",wakeforestsports.collegesports.com/,www.wfu.edu/,30_30.favicon.ico,36.0998131,-80.2440518
Coastal Carolina University,Division I,Division I,DI FBS,Active Member,Sun Belt Conference,Sun Belt Conference,Non-HBCU,Public,Master's Colleges & Universities,"Conway, SC",www.coastal.edu,www.goccusports.com,31_31.site.png,33.8360035,-79.0478143
"University of South Carolina, Columbia",Division I,Division I,DI FBS,Active Member,Southeastern Conference,Southeastern Conference,Non-HBCU,Public,Research Universities,"Columbia, SC",gamecocksonline.cstv.com/,www.sc.edu/,32_32.favicon.ico,34.0007493,-81.0343313
East Carolina University,Division I,Division I,DI FBS,Active Member,American Athletic Conference,American Athletic Conference,Non-HBCU,Public,Research Universities,"Greenville, NC",www.ecu.edu,www.ecupirates.com,33_33.site.png,35.612661,-77.3663538
University of Miami (Florida),Division I,Division I,DI FBS,Active Member,Atlantic Coast Conference,Atlantic Coast Conference,Non-HBCU,Private,Research Universities,"Coral Gables, FL",www.hurricanesports.com,www.miami.edu,34_34.um-icon.ico,25.72149,-80.2683838
Florida International University,Division I,Division I,DI FBS,Active Member,Conference USA,Conference USA,Non-HBCU,Public,Research Universities,"Miami, FL",www.fiu.edu,www.fiusports.com,35_35.site.png,25.7742658,-80.1936589
Florida Atlantic University,Division I,Division I,DI FBS,Active Member,Conference USA,Conference USA,Non-HBCU,Public,Research Universities,"Boca Raton, FL",fausports.collegesports.com/,www.fau.edu,36_36.default.jpg,26.3586885,-80.0830984
University of Central Florida,Division I,Division I,DI FBS,Active Member,American Athletic Conference,American Athletic Conference,Non-HBCU,Public,Research Universities,"Orlando, FL",www.ucf.edu,www.ucfknights.com/,37_37.favicon.ico,28.5421109,-81.3790304
University of South Florida,Division I,Division I,DI FBS,Active Member,American Athletic Conference,American Athletic Conference,Non-HBCU,Public,Research Universities,"Tampa, FL",www.gousfbulls.com/,www.usf.edu/,38_38.favicon.ico,27.9477595,-82.458444
University of Florida,Division I,Division I,DI FBS,Active Member,Southeastern Conference,Southeastern Conference,Non-HBCU,Public,Research Universities,"Gainesville, FL",www.floridagators.com,www.ufl.edu,39_39.favicon.ico,29.6519684,-82.3249846
Florida State University,Division I,Division I,DI FBS,Active Member,Atlantic Coast Conference,Atlantic Coast Conference,Non-HBCU,Public,Research Universities,"Tallahassee, FL",www.fsu.edu,www.seminoles.com,40_40.favicon.ico,30.4380832,-84.2809332
University of Georgia,Division I,Division I,DI FBS,Active Member,Southeastern Conference,Southeastern Conference,Non-HBCU,Public,Research Universities,"Athens, GA",www.georgiadogs.com,www.uga.edu,41_41.favicon.ico,33.9597677,-83.376398
"University of Maryland, College Park",Division I,Division I,DI FBS,Active Member,Big Ten Conference,Big Ten Conference,Non-HBCU,Public,Research Universities,"College Park, MD",www.umd.edu,www.umterps.com,42_42.site.png,38.980666,-76.9369189
Vanderbilt University,Division I,Division I,DI FBS,Active Member,Southeastern Conference,Southeastern Conference,Non-HBCU,Private,Research Universities,"Nashville, TN",www.vanderbilt.edu/,www.vucommodores.com,43_43.logo.png,36.1622296,-86.7743531
University of Michigan,Division I,Division I,DI FBS,Active Member,Big Ten Conference,Big Ten Conference,Non-HBCU,Public,Research Universities,"Ann Arbor, MI",mgoblue.com,www.umich.edu/,44_44.U-M-logo-preview.jpg,42.2681569,-83.7312291
University of Notre Dame,Division I,Division I,DI FBS,Active Member,Atlantic Coast Conference,Independent,Non-HBCU,Private,Research Universities,"Notre Dame, IN",www.nd.edu,www.und.com,45_45.Screen-Shot-2019-06-19-at-9.52.40-AM-e1562150558880.png,41.704567749999995,-86.23822026017265
University of Mississippi,Division I,Division I,DI FBS,Active Member,Southeastern Conference,Southeastern Conference,Non-HBCU,Public,Research Universities,"University, MS",www.olemiss.edu,www.olemisssports.com,46_46.site.png,34.3653695,-89.5350279
Mississippi State University,Division I,Division I,DI FBS,Active Member,Southeastern Conference,Southeastern Conference,Non-HBCU,Public,Research Universities,"Mississippi State, MS",www.hailstate.com,www.msstate.edu/,47_47.favicon.ico,45.54863,-122.6752789953375
University of South Alabama,Division I,Division I,DI FBS,Active Member,Sun Belt Conference,Sun Belt Conference,Non-HBCU,Public,Research Universities,"Mobile, AL",www.southalabama.edu,www.usajaguars.com,48_48.favicon.ico,30.6943566,-88.0430541
The Ohio State University,Division I,Division I,DI FBS,Active Member,Big Ten Conference,Big Ten Conference,Non-HBCU,Public,Research Universities,"Columbus, OH",www.ohiostatebuckeyes.com,www.osu.edu,49_49.favicon.ico,39.9622601,-83.0007065
Clemson University,Division I,Division I,DI FBS,Active Member,Atlantic Coast Conference,Atlantic Coast Conference,Non-HBCU,Public,Research Universities,"Clemson, SC",www.clemson.edu,www.clemsontigers.com,50_50.logo.png,34.6850749,-82.8364111
University of Alabama at Birmingham,Division I,Division I,DI FBS,Active Member,Conference USA,Conference USA,Non-HBCU,Public,Research Universities,"Birmingham, AL",www.uab.edu,www.uabsports.com,51_51.site.png,33.5206824,-86.8024326
University of Alabama,Division I,Division I,DI FBS,Active Member,Southeastern Conference,Southeastern Conference,Non-HBCU,Public,Research Universities,"Tuscaloosa, AL",www.rolltide.com,www.ua.edu,52_52.quadaerial01_1920.jpg,33.2095614,-87.5675258
Georgia State University,Division I,Division I,DI FBS,Active Member,Sun Belt Conference,Sun Belt Conference,Non-HBCU,Public,Research Universities,"Atlanta, GA",www.georgiastatesports.com,www.gsu.edu,53_53.flame.png,33.7490987,-84.3901849
Auburn University,Division I,Division I,DI FBS,Active Member,Southeastern Conference,Southeastern Conference,Non-HBCU,Public,Research Universities,"Auburn, AL",www.auburn.edu,www.auburntigers.com,54_54.site.png,32.535699,-85.48677785023041
Troy University,Division I,Division I,DI FBS,Active Member,Sun Belt Conference,Sun Belt Conference,Non-HBCU,Public,Master's Colleges & Universities,"Troy, AL",www.troy.edu,www.troytrojans.com,55_55.favicon.ico,31.8087678,-85.969951
"University of Tennessee, Knoxville",Division I,Division I,DI FBS,Active Member,Southeastern Conference,Southeastern Conference,Non-HBCU,Public,Research Universities,"Knoxville, TN",www.utk.edu/,www.utsports.com,56_56.favicon.ico,35.9603948,-83.9210261
Middle Tennessee State University,Division I,Division I,DI FBS,Active Member,Conference USA,Conference USA,Non-HBCU,Public,Research Universities,"Murfreesboro, TN",www.goblueraiders.com,www.mtsu.edu/,57_57.favicon.ico,35.845999,-86.3920452
Appalachian State University,Division I,Division I,DI FBS,Active Member,Sun Belt Conference,Sun Belt Conference,Non-HBCU,Public,Master's Colleges & Universities,"Boone, NC",www.appstate.edu,www.appstatesports.com,58_58.site.png,36.216795,-81.6745517
University of Kentucky,Division I,Division I,DI FBS,Active Member,Southeastern Conference,Southeastern Conference,Non-HBCU,Public,Research Universities,"Lexington, KY",www.ukathletics.com,www.uky.edu,59_59.favicon-16x16.png,38.0464066,-84.4970393
University of Louisville,Division I,Division I,DI FBS,Active Member,Atlantic Coast Conference,Atlantic Coast Conference,Non-HBCU,Public,Research Universities,"Louisville, KY",www.louisville.edu/,www.uoflsports.com,60_60.site.png,38.2542376,-85.759407
Western Kentucky University,Division I,Division I,DI FBS,Active Member,Conference USA,Conference USA,Non-HBCU,Public,Research Universities,"Bowling Green, KY",www.wku.edu/,www.wkusports.com,61_61.site.png,36.9903199,-86.4436018
University of Memphis,Division I,Division I,DI FBS,Active Member,American Athletic Conference,American Athletic Conference,Non-HBCU,Public,Research Universities,"Memphis, TN",www.gotigersgo.com,www.memphis.edu/,62_62.govboard.jpg,35.1490215,-90.0516285
University of Cincinnati,Division I,Division I,DI FBS,Active Member,American Athletic Conference,American Athletic Conference,Non-HBCU,Public,Research Universities,"Cincinnati, OH",www.gobearcats.com,www.uc.edu,63_63.favicon.ico,39.1014537,-84.5124602
Miami University (Ohio),Division I,Division I,DI FBS,Active Member,Mid-American Conference,Mid-American Conference,Non-HBCU,Public,Research Universities,"Oxford, OH",www.miamiOH.edu,www.muRedHawks.com,64_64.favicon.ico,39.5103048,-84.7420519
Ball State University,Division I,Division I,DI FBS,Active Member,Mid-American Conference,Mid-American Conference,Non-HBCU,Public,Research Universities,"Muncie, IN",www.ballstatesports.com,www.bsu.edu,65_65.favicon.ico,40.1936892,-85.3865271
"Indiana University, Bloomington",Division I,Division I,DI FBS,Active Member,Big Ten Conference,Big Ten Conference,Non-HBCU,Public,Research Universities,"Bloomington, IN",iuhoosiers.com/,www.iub.edu/,66_66.favicon.ico,39.1670396,-86.5342881
Purdue University,Division I,Division I,DI FBS,Active Member,Big Ten Conference,Big Ten Conference,Non-HBCU,Public,Research Universities,"West Lafayette, IN",www.purdue.edu,www.purduesports.com,67_67.favicon.ico,40.4258686,-86.9080655
Northwestern University,Division I,Division I,DI FBS,Active Member,Big Ten Conference,Big Ten Conference,Non-HBCU,Private,Research Universities,"Evanston, IL",www.northwestern.edu/,www.nusports.com,68_68.favicon.ico,42.0447388,-87.6930459
University of Illinois Urbana-Champaign,Division I,Division I,DI FBS,Active Member,Big Ten Conference,Big Ten Conference,Non-HBCU,Public,Research Universities,"Champaign, IL",www.fightingillini.com,www.illinois.edu,69_69.favicon.ico,40.1164205,-88.2433829
Northern Illinois University,Division I,Division I,DI FBS,Active Member,Mid-American Conference,Mid-American Conference,Non-HBCU,Public,Research Universities,"De Kalb, IL",www.niu.edu,www.niuhuskies.com,70_70.site.png,41.935768,-88.749078
University of Wisconsin-Madison,Division I,Division I,DI FBS,Active Member,Big Ten Conference,Big Ten Conference,Non-HBCU,Public,Research Universities,"Madison, WI",www.uwbadgers.com,www.wisc.edu/,71_71.favicon.ico,43.074761,-89.3837613
Arkansas State University,Division I,Division I,DI FBS,Active Member,Sun Belt Conference,Sun Belt Conference,Non-HBCU,Public,Research Universities,"State University, AR",www.astate.edu,www.astateredwolves.com,72_72.site.png,35.4747366,-93.4673459
"University of Missouri, Columbia",Division I,Division I,DI FBS,Active Member,Southeastern Conference,Southeastern Conference,Non-HBCU,Public,Research Universities,"Columbia, MO",www.missouri.edu,www.mutigers.com,73_73.site.png,38.951883,-92.3337366
University of Iowa,Division I,Division I,DI FBS,Active Member,Big Ten Conference,Big Ten Conference,Non-HBCU,Public,Research Universities,"Iowa City, IA",hawkeyesports.com,www.uiowa.edu/,74_74.favicon.ico,41.6612561,-91.5299106
"University of Minnesota, Twin Cities",Division I,Division I,DI FBS,Active Member,Big Ten Conference,Big Ten Conference,Non-HBCU,Public,Research Universities,"Minneapolis, MN",www.gophersports.com,www.umn.edu,75_75.favicon.ico,44.9772995,-93.2654692
The University of Southern Mississippi,Division I,Division I,DI FBS,Active Member,Conference USA,Conference USA,Non-HBCU,Public,Research Universities,"Hattiesburg, MS",Southernmiss.com,www.usm.edu/,76_76.favicon.ico,31.3271189,-89.2903392
Tulane University,Division I,Division I,DI FBS,Active Member,American Athletic Conference,American Athletic Conference,Non-HBCU,Private,Research Universities,"New Orleans, LA",www.tulane.edu,www.tulanegreenwave.com/index-main.html,77_77.favicon.ico,29.9499323,-90.0701156
Louisiana State University,Division I,Division I,DI FBS,Active Member,Southeastern Conference,Southeastern Conference,Non-HBCU,Public,Research Universities,"Baton Rouge, LA",www.lsu.edu,www.lsusports.net,78_78.lsu_tiger_logo.svg,30.4459596,-91.18738
University of Louisiana at Lafayette,Division I,Division I,DI FBS,Active Member,Sun Belt Conference,Sun Belt Conference,Non-HBCU,Public,Research Universities,"Lafayette, LA",www.louisiana.edu/,www.ragincajuns.com,79_79.favicon.ico,30.2240897,-92.0198427
University of Louisiana Monroe,Division I,Division I,DI FBS,Active Member,Sun Belt Conference,Sun Belt Conference,Non-HBCU,Public,Research Universities,"Monroe, LA",www.ulm.edu,www.ulmwarhawks.com,80_80.site.png,32.5093109,-92.1193012
Louisiana Tech University,Division I,Division I,DI FBS,Active Member,Conference USA,Conference USA,Non-HBCU,Public,Research Universities,"Ruston, LA",www.latech.edu/,www.latechsports.com/,81_81.site.png,32.5232053,-92.637927
"University of Arkansas, Fayetteville",Division I,Division I,DI FBS,Active Member,Southeastern Conference,Southeastern Conference,Non-HBCU,Public,Research Universities,"Fayetteville, AR",www.arkansasrazorbacks.com,www.uark.edu,82_82.favicon.ico,36.0625843,-94.1574328
University of Houston,Division I,Division I,DI FBS,Active Member,American Athletic Conference,American Athletic Conference,Non-HBCU,Public,Research Universities,"Houston, TX",www.uh.edu,www.uhcougars.com,83_83.favicon.ico,29.7589382,-95.3676974
Southern Methodist University,Division I,Division I,DI FBS,Active Member,American Athletic Conference,American Athletic Conference,Non-HBCU,Private,Research Universities,"Dallas, TX",www.smu.edu,www.smumustangs.com,84_84.site.png,32.7762719,-96.7968559
University of North Texas,Division I,Division I,DI FBS,Active Member,Conference USA,Conference USA,Non-HBCU,Public,Research Universities,"Denton, TX",www.meangreensports.com,www.unt.edu,85_85.favicon.ico,33.1838787,-97.1413417
Texas Christian University,Division I,Division I,DI FBS,Active Member,Big 12 Conference,Big 12 Conference,Non-HBCU,Private,Research Universities,"Fort Worth, TX",www.gofrogs.com,www.tcu.edu,86_86.favicon.png,32.753177,-97.3327459
Baylor University,Division I,Division I,DI FBS,Active Member,Big 12 Conference,Big 12 Conference,Non-HBCU,Private,Research Universities,"Waco, TX",www.BaylorBears.com,www.baylor.edu,87_87.bayloruniversity_social-media.png,31.549333,-97.1466695
"Texas A&M University, College Station",Division I,Division I,DI FBS,Active Member,Southeastern Conference,Southeastern Conference,Non-HBCU,Public,Research Universities,"College Station, TX",www.12thman.com,www.tamu.edu,88_88.favicon.ico,30.5955289,-96.3071042
"University of Nebraska, Lincoln",Division I,Division I,DI FBS,Active Member,Big Ten Conference,Big Ten Conference,Non-HBCU,Public,Research Universities,"Lincoln, NE",www.huskers.com,www.unl.edu,89_89.favicon.ico,40.8088861,-96.7077751
Iowa State University,Division I,Division I,DI FBS,Active Member,Big 12 Conference,Big 12 Conference,Non-HBCU,Public,Research Universities,"Ames, IA",www.cyclones.com,www.iastate.edu,90_90.favicon.ico,42.0267703,-93.6170554
University of Kansas,Division I,Division I,DI FBS,Active Member,Big 12 Conference,Big 12 Conference,Non-HBCU,Public,Research Universities,"Lawrence, KS",www.ku.edu,www.kuathletics.com,91_91.main-twitter-image.jpg,38.9719384,-95.2359496
Kansas State University,Division I,Division I,DI FBS,Active Member,Big 12 Conference,Big 12 Conference,Non-HBCU,Public,Research Universities,"Manhattan, KS",www.k-state.edu/,www.kstatesports.com,92_92.site.png,39.1836082,-96.5716694
The University of Tulsa,Division I,Division I,DI FBS,Active Member,American Athletic Conference,American Athletic Conference,Non-HBCU,Private,Research Universities,"Tulsa, OK",www.tulsahurricane.com,www.utulsa.edu/,93_93.main_logo.svg,36.1556805,-95.9929113
Oklahoma State University,Division I,Division I,DI FBS,Active Member,Big 12 Conference,Big 12 Conference,Non-HBCU,Public,Research Universities,"Stillwater, OK",www.okstate.com,www.okstate.edu,94_94.favicon.ico,36.1156306,-97.0585717
University of Oklahoma,Division I,Division I,DI FBS,Active Member,Big 12 Conference,Big 12 Conference,Non-HBCU,Public,Research Universities,"Norman, OK",soonersports.com,www.ou.edu,95_95.favicon.ico,35.2225717,-97.4394816
Texas Tech University,Division I,Division I,DI FBS,Active Member,Big 12 Conference,Big 12 Conference,Non-HBCU,Public,Research Universities,"Lubbock, TX",www.texastech.com/,www.ttu.edu/,96_96.favicon.ico,33.5635206,-101.879336
New Mexico State University,Division I,Division I,DI FBS,Active Member,Western Athletic Conference,Independent,Non-HBCU,Public,Research Universities,"Las Cruces, NM",www.nmstatesports.com,www.nmsu.edu,97_97.favicon.ico,32.3140354,-106.7798078
University of New Mexico,Division I,Division I,DI FBS,Active Member,Mountain West Conference,Mountain West Conference,Non-HBCU,Public,Research Universities,"Albuquerque, NM",www.golobos.com,www.unm.edu/,98_98.unm.ico,35.0841034,-106.6509851
U.S. Air Force Academy,Division I,Division I,DI FBS,Active Member,Mountain West Conference,Mountain West Conference,Non-HBCU,Public,Baccalaureate Colleges,"USAF Academy, CO",www.goairforcefalcons.com/,www.usafa.edu,99_99.favicon.svg,38.77406895,-104.30153449109022
"University of Colorado, Boulder",Division I,Division I,DI FBS,Active Member,Pac-12 Conference,Pac-12 Conference,Non-HBCU,Public,Research Universities,"Boulder, CO",www.colorado.edu/,www.cubuffs.com/,100_100.site.png,40.0149856,-105.2705456
Colorado State University,Division I,Division I,DI FBS,Active Member,Mountain West Conference,Mountain West Conference,Non-HBCU,Public,Research Universities,"Fort Collins, CO",www.colostate.edu,www.csurams.com,101_101.site.png,40.5508527,-105.0668085
University of Wyoming,Division I,Division I,DI FBS,Active Member,Mountain West Conference,Mountain West Conference,Non-HBCU,Public,Research Universities,"Laramie, WY",www.gowyo.com,www.uwyo.edu,102_102.favicon.ico,41.311367,-105.591101
University of Arizona,Division I,Division I,DI FBS,Active Member,Pac-12 Conference,Pac-12 Conference,Non-HBCU,Public,Research Universities,"Tucson, AZ",www.arizona.edu,www.arizonawildcats.com,103_103.site.png,32.2228765,-110.9748477
Arizona State University,Division I,Division I,DI FBS,Active Member,Pac-12 Conference,Pac-12 Conference,Non-HBCU,Public,Research Universities,"Tempe, AZ",asu.edu,www.thesundevils.com/,104_104.favicon.ico,33.4255056,-111.9400125
Brigham Young University,Division I,Division I,DI FBS,Active Member,West Coast Conference,Independent,Non-HBCU,Private,Research Universities,"Provo, UT",www.byu.edu,www.byucougars.com,105_105.favicon.ico,40.2338438,-111.6585337
University of Utah,Division I,Division I,DI FBS,Active Member,Pac-12 Conference,Pac-12 Conference,Non-HBCU,Public,Research Universities,"Salt Lake City, UT",utahutes.cstv.com/,www.utah.edu/,106_106.apple-touch-icon.png,40.7596198,-111.8867975
Utah State University,Division I,Division I,DI FBS,Active Member,Mountain West Conference,Mountain West Conference,Non-HBCU,Public,Research Universities,"Logan, UT",utahstateaggies.com,www.usu.edu/,107_107.favicon.ico,41.7313447,-111.8348631
Boise State University,Division I,Division I,DI FBS,Active Member,Mountain West Conference,Mountain West Conference,Non-HBCU,Public,Research Universities,"Boise, ID",www.boisestate.edu,www.broncosports.com,108_108.site.png,43.6166163,-116.200886
San Diego State University,Division I,Division I,DI FBS,Active Member,Mountain West Conference,Mountain West Conference,Non-HBCU,Public,Research Universities,"San Diego, CA",www.goaztecs.com,www.sdsu.edu/,109_109.favicon.ico,32.7174209,-117.1627714
"University of Nevada, Las Vegas",Division I,Division I,DI FBS,Active Member,Mountain West Conference,Mountain West Conference,Non-HBCU,Public,Research Universities,"Las Vegas, NV",www.unlv.edu,www.unlvrebels.com,110_110.favicon.ico,36.1672559,-115.1485163
University of Southern California,Division I,Division I,DI FBS,Active Member,Pac-12 Conference,Pac-12 Conference,Non-HBCU,Private,Research Universities,"Los Angeles, CA",www.usc.edu/,www.usctrojans.com,111_111.site.png,34.0536909,-118.2427666
"University of California, Los Angeles",Division I,Division I,DI FBS,Active Member,Pac-12 Conference,Pac-12 Conference,Non-HBCU,Public,Research Universities,"Los Angeles, CA",www.ucla.edu,www.uclabruins.com,112_112.favicon.ico,34.0536909,-118.2427666
"California State University, Fresno",Division I,Division I,DI FBS,Active Member,Mountain West Conference,Mountain West Conference,Non-HBCU,Public,Research Universities,"Fresno, CA",www.csufresno.edu,www.gobulldogs.com,113_113.favicon.ico,36.7394421,-119.7848307
"University of Nevada, Reno",Division I,Division I,DI FBS,Active Member,Mountain West Conference,Mountain West Conference,Non-HBCU,Public,Research Universities,"Reno, NV",www.nevadawolfpack.com,www.unr.edu,114_114.logo.png,39.5261206,-119.8126581
San Jose State University,Division I,Division I,DI FBS,Active Member,Mountain West Conference,Mountain West Conference,Non-HBCU,Public,Master's Colleges & Universities,"San Jose, CA",www.sjsu.edu,www.sjsuspartans.com,115_115.site.png,37.3361905,-121.8905833
Stanford University,Division I,Division I,DI FBS,Active Member,Pac-12 Conference,Pac-12 Conference,Non-HBCU,Private,Research Universities,"Stanford, CA",www.gostanford.com,www.stanford.edu,116_116.favicon.ico,37.426540700000004,-122.17029258409187
"University of California, Berkeley",Division I,Division I,DI FBS,Active Member,Pac-12 Conference,Pac-12 Conference,Non-HBCU,Public,Research Universities,"Berkeley, CA",www.berkeley.edu,www.calbears.com,117_117.site.png,37.8708393,-122.2728639
University of Oregon,Division I,Division I,DI FBS,Active Member,Pac-12 Conference,Pac-12 Conference,Non-HBCU,Public,Research Universities,"Eugene, OR",www.goducks.com,www.uoregon.edu,118_118.favicon.ico,44.0505054,-123.0950506
Oregon State University,Division I,Division I,DI FBS,Active Member,Pac-12 Conference,Pac-12 Conference,Non-HBCU,Public,Research Universities,"Corvallis, OR",www.oregonstate.edu/,www.osubeavers.com,119_119.site.png,44.5645659,-123.2620435
University of Washington,Division I,Division I,DI FBS,Active Member,Pac-12 Conference,Pac-12 Conference,Non-HBCU,Public,Research Universities,"Seattle, WA",www.gohuskies.com,www.washington.edu/,120_120.favicon.ico,47.6038321,-122.3300624
Washington State University,Division I,Division I,DI FBS,Active Member,Pac-12 Conference,Pac-12 Conference,Non-HBCU,Public,Research Universities,"Pullman, WA",www.wsu.edu,www.wsucougars.com,121_121.site.png,46.7304268,-117.173895
Rice University,Division I,Division I,DI FBS,Active Member,Conference USA,Conference USA,Non-HBCU,Private,Research Universities,"Houston, TX",www.rice.edu,www.riceowls.com,122_122.site.png,29.7589382,-95.3676974
University of Texas at Austin,Division I,Division I,DI FBS,Active Member,Big 12 Conference,Big 12 Conference,Non-HBCU,Public,Research Universities,"Austin, TX",www.TexasSports.com,www.utexas.edu,123_123.logo.png,30.2711286,-97.7436995
University of Texas at San Antonio,Division I,Division I,DI FBS,Active Member,Conference USA,Conference USA,Non-HBCU,Public,Research Universities,"San Antonio, TX",www.goutsa.com,www.utsa.edu,124_124.logo.png,29.4246002,-98.4951405
Texas State University,Division I,Division I,DI FBS,Active Member,Sun Belt Conference,Sun Belt Conference,Non-HBCU,Public,Research Universities,"San Marcos, TX",www.txstate.edu/,www.txstatebobcats.com,125_125.favicon.ico,29.8826436,-97.9405828
University of Texas at El Paso,Division I,Division I,DI FBS,Active Member,Conference USA,Conference USA,Non-HBCU,Public,Research Universities,"El Paso, TX",www.utep.edu/,www.utepathletics.com,126_126.favicon.ico,31.7754152,-106.4646348
Kent State University,Division I,Division I,DI FBS,Active Member,Mid-American Conference,Mid-American Conference,Non-HBCU,Public,Research Universities,"Kent, OH",www.kent.edu/,www.kentstatesports.com,127_127.favicon.ico,41.1536674,-81.357886
Georgia Southern University,Division I,Division I,DI FBS,Active Member,Sun Belt Conference,Sun Belt Conference,Non-HBCU,Public,Research Universities,"Statesboro, GA",www.georgiasouthern.edu,www.gseagles.com/,128_128.favicon.ico,32.4490141,-81.7832912
"University of Maine, Orono",Division I,Division I,DI FCS,Active Member,America East Conference,Colonial Athletic Association,Non-HBCU,Public,Research Universities,"Orono, ME",www.goblackbears.com,www.umaine.edu,129_129.favicon.ico,44.883607,-68.672791
University of New Hampshire,Division I,Division I,DI FCS,Active Member,America East Conference,Colonial Athletic Association,Non-HBCU,Public,Research Universities,"Durham, NH",www.unh.edu/,www.unhwildcats.com,130_130.site.png,43.134564,-70.927048
Harvard University,Division I,Division I,DI FCS,Active Member,The Ivy League,The Ivy League,Non-HBCU,Private,Research Universities,"Boston, MA",www.gocrimson.com,www.harvard.edu,131_131.favicon.ico,42.3602534,-71.0582912
Brown University,Division I,Division I,DI FCS,Active Member,The Ivy League,The Ivy League,Non-HBCU,Private,Research Universities,"Providence, RI",brownbears.com,www.brown.edu,132_132.favicon.ico,41.8239891,-71.4128343
Bryant University,Division I,Division I,DI FCS,Active Member,Northeast Conference,Northeast Conference,Non-HBCU,Private,Master's Colleges & Universities,"Smithfield, RI",www.bryant.edu,www.bryantbulldogs.com,133_133.favicon.jpg,41.9220433,-71.549507
University of Rhode Island,Division I,Division I,DI FCS,Active Member,Atlantic 10 Conference,Colonial Athletic Association,Non-HBCU,Public,Research Universities,"Kingston, RI",www.gorhody.com,www.uri.edu,134_134.apple-touch-icon.png,41.4729285,-71.52234684041011
Dartmouth College,Division I,Division I,DI FCS,Active Member,The Ivy League,The Ivy League,Non-HBCU,Private,Research Universities,"Hanover, NH",www.dartmouth.edu,www.dartmouthsports.com,135_135.site.png,43.703622,-72.288666
Central Connecticut State University,Division I,Division I,DI FCS,Active Member,Northeast Conference,Northeast Conference,Non-HBCU,Public,Master's Colleges & Universities,"New Britain, CT",ccsubluedevils.com,www.ccsu.edu,136_136.favicon.ico,41.6612104,-72.7795419
Yale University,Division I,Division I,DI FCS,Active Member,The Ivy League,The Ivy League,Non-HBCU,Private,Research Universities,"New Haven, CT",www.yale.edu/,www.yalebulldogs.com,137_137.favicon.ico,41.3082138,-72.9250518
Sacred Heart University,Division I,Division I,DI FCS,Active Member,Northeast Conference,Northeast Conference,Non-HBCU,Private,Research Universities,"Fairfield, CT",www.sacredheart.edu/,www.sacredheartpioneers.com/,138_138.site.jpg,41.1412078,-73.2637258
Stony Brook University,Division I,Division I,DI FCS,Active Member,America East Conference,Colonial Athletic Association,Non-HBCU,Public,Research Universities,"Stony Brook, NY",www.stonybrook.edu,www.stonybrookathletics.com,139_139.site.png,40.9087015,-73.13960360056436
University at Albany,Division I,Division I,DI FCS,Active Member,America East Conference,Colonial Athletic Association,Non-HBCU,Public,Research Universities,"Albany, NY",www.albany.edu,www.ualbanysports.com,140_140.site.png,42.6511674,-73.754968
Marist College,Division I,Division I,DI FCS,Active Member,Metro Atlantic Athletic Conference,Pioneer Football League,Non-HBCU,Private,Master's Colleges & Universities,"Poughkeepsie, NY",www.GoRedFoxes.com,www.marist.edu,141_141.logo.png,41.7065539,-73.9283672
Columbia University-Barnard College,Division I,Division I,DI FCS,Active Member,The Ivy League,The Ivy League,Non-HBCU,Private,Research Universities,"New York, NY",www.columbia.edu,www.gocolumbialions.com/,142_142.favicon.ico,40.7127281,-74.0060152
Wagner College,Division I,Division I,DI FCS,Active Member,Northeast Conference,Northeast Conference,Non-HBCU,Private,Master's Colleges & Universities,"Staten Island, NY",www.wagner.edu,www.wagnerathletics.com,143_143.site.png,40.5834557,-74.1496048
Fordham University,Division I,Division I,DI FCS,Active Member,Atlantic 10 Conference,Patriot League,Non-HBCU,Private,Research Universities,"Bronx, NY",www.fordham.edu,www.fordhamsports.com,144_144.site.png,40.85048545,-73.84040355802088
Monmouth University,Division I,Division I,DI FCS,Active Member,Metro Atlantic Athletic Conference,Big South Conference,Non-HBCU,Private,Master's Colleges & Universities,"West Long Branch, NJ",www.monmouth.edu/,www.monmouthhawks.com,145_145.site.png,40.2903891,-74.0176381
Princeton University,Division I,Division I,DI FCS,Active Member,The Ivy League,The Ivy League,Non-HBCU,Private,Research Universities,"Princeton, NJ",www.goprincetontigers.com,www.princeton.edu,146_146.favicon.ico,40.3492744,-74.6592958
Colgate University,Division I,Division I,DI FCS,Active Member,Patriot League,Patriot League,Non-HBCU,Private,Baccalaureate Colleges,"Hamilton, NY",www.colgate.edu,www.gocolgateraiders.com,147_147.site.png,43.6307863,-74.4659275
Cornell University,Division I,Division I,DI FCS,Active Member,The Ivy League,The Ivy League,Non-HBCU,Private,Research Universities,"Ithaca, NY",www.cornell.edu,www.cornellbigred.com,148_148.site.png,42.4396039,-76.4968019
Lafayette College,Division I,Division I,DI FCS,Active Member,Patriot League,Patriot League,Non-HBCU,Private,Baccalaureate Colleges,"Easton, PA",www.goleopards.com,www.lafayette.edu,149_149.favicon.ico,40.6916081,-75.2099866
Lehigh University,Division I,Division I,DI FCS,Active Member,Patriot League,Patriot League,Non-HBCU,Private,Research Universities,"Bethlehem, PA",www.lehighsports.com/,www1.lehigh.edu/,150_150.favicon.ico,40.6178915,-75.3786521
Villanova University,Division I,Division I,DI FCS,Active Member,Big East Conference,Colonial Athletic Association,Non-HBCU,Private,Research Universities,"Villanova, PA",www.villanova.com,www.villanova.edu,151_151.favicon.ico,40.0373323,-75.3490769
University of Pennsylvania,Division I,Division I,DI FCS,Active Member,The Ivy League,The Ivy League,Non-HBCU,Private,Research Universities,"Philadelphia, PA",www.pennathletics.com,www.upenn.edu/,152_152.favicon.ico,39.9527237,-75.1635262
Delaware State University,Division I,Division I,DI FCS,Active Member,Mid-Eastern Athletic Conf.,Mid-Eastern Athletic Conf.,HBCU,Public,Research Universities,"Dover, DE",www.desu.edu,www.dsuhornets.com/,153_153.favicon.ico,39.158168,-75.5243682
University of Delaware,Division I,Division I,DI FCS,Active Member,Colonial Athletic Association,Colonial Athletic Association,Non-HBCU,Public,Research Universities,"Newark, DE",www.bluehens.com,www.udel.edu,154_154.ud-thumbnail.png,39.6852191,-75.7508289
Bucknell University,Division I,Division I,DI FCS,Active Member,Patriot League,Patriot League,Non-HBCU,Private,Baccalaureate Colleges,"Lewisburg, PA",bucknell.edu,bucknellbison.com,155_155.site.png,40.9645293,-76.8844101
Towson University,Division I,Division I,DI FCS,Active Member,Colonial Athletic Association,Colonial Athletic Association,Non-HBCU,Public,Research Universities,"Towson, MD",www.towson.edu,www.towsontigers.com,156_156.site.png,39.4018552,-76.602388
Morgan State University,Division I,Division I,DI FCS,Active Member,Mid-Eastern Athletic Conf.,Mid-Eastern Athletic Conf.,HBCU,Public,Research Universities,"Baltimore, MD",www.morgan.edu/,www.morganstatebears.com/,157_157.site.png,39.2908816,-76.610759
Georgetown University,Division I,Division I,DI FCS,Active Member,Big East Conference,Patriot League,Non-HBCU,Private,Research Universities,"Washington, DC",www.georgetown.edu,www.guhoyas.com,158_158.favicon.ico,38.8949855,-77.0365708
Hampton University,Division I,Division I,DI FCS,Active Member,Big South Conference,Big South Conference,HBCU,Private,Research Universities,"Hampton, VA",www.hamptonpirates.com,www.hamptonu.edu,159_159.favicon.ico,37.0300969,-76.3452057
William & Mary,Division I,Division I,DI FCS,Active Member,Colonial Athletic Association,Colonial Athletic Association,Non-HBCU,Public,Research Universities,"Williamsburg, VA",Tribeathletics.com,www.wm.edu/,160_160.default.jpg,37.27892105,-76.69448606443117
University of Richmond,Division I,Division I,DI FCS,Active Member,Atlantic 10 Conference,Colonial Athletic Association,Non-HBCU,Private,Baccalaureate Colleges,"Richmond, VA",www.RichmondSpiders.com/,www.richmond.edu/,161_161.favicon-16x16.png,37.5385087,-77.43428
James Madison University,Division I,Division I,DI FCS,Active Member,Colonial Athletic Association,Colonial Athletic Association,Non-HBCU,Public,Master's Colleges & Universities,"Harrisonburg, VA",www.jmu.edu/,www.jmusports.com,162_162.favicon.ico,38.4493315,-78.8688833
Virginia Military Institute,Division I,Division I,DI FCS,Active Member,Southern Conference,Southern Conference,Non-HBCU,Public,Baccalaureate Colleges,"Lexington, VA",www.vmi.edu,www.vmikeydets.com,163_163.favicon.ico,37.7802145,-79.44385152471813
Duquesne University,Division I,Division I,DI FCS,Active Member,Atlantic 10 Conference,Northeast Conference,Non-HBCU,Private,Research Universities,"Pittsburgh, PA",www.GoDuquesne.com,www.duq.edu,164_164.favicon.ico,40.4416941,-79.9900861
Norfolk State University,Division I,Division I,DI FCS,Active Member,Mid-Eastern Athletic Conf.,Mid-Eastern Athletic Conf.,HBCU,Public,Master's Colleges & Universities,"Norfolk, VA",www.nsu.edu,www.nsuspartans.com,165_165.favicon.ico,36.8462923,-76.2929252
Davidson College,Division I,Division I,DI FCS,Active Member,Atlantic 10 Conference,Pioneer Football League,Non-HBCU,Private,Baccalaureate Colleges,"Davidson, NC",www.davidson.edu,www.davidsonwildcats.com,166_166.favicon.ico,35.4993031,-80.8486846
Morehead State University,Division I,Division I,DI FCS,Active Member,Ohio Valley Conference,Pioneer Football League,Non-HBCU,Public,Master's Colleges & Universities,"Morehead, KY",www.moreheadstate.edu,www.msueagles.com,167_167.site.png,38.1839705,-83.4326841
Eastern Kentucky University,Division I,Division I,DI FCS,Active Member,Ohio Valley Conference,Ohio Valley Conference,Non-HBCU,Public,Master's Colleges & Universities,"Richmond, KY",www.eku.edu,www.ekusports.com,168_168.favicon.ico,37.7478572,-84.2946539
Saint Francis University (Pennsylvania),Division I,Division I,DI FCS,Active Member,Northeast Conference,Northeast Conference,Non-HBCU,Private,Master's Colleges & Universities,"Loretto, PA",www.francis.edu,www.sfuathletics.com,169_169.favicon.ico,40.5029161,-78.6314019
Tennessee Technological University,Division I,Division I,DI FCS,Active Member,Ohio Valley Conference,Ohio Valley Conference,Non-HBCU,Public,Research Universities,"Cookeville, TN",www.TTUsports.com/,www.tntech.edu/,170_170.favicon.ico,36.1623886,-85.4997057
Austin Peay State University,Division I,Division I,DI FCS,Active Member,Ohio Valley Conference,Ohio Valley Conference,Non-HBCU,Public,Master's Colleges & Universities,"Clarksville, TN",www.apsu.edu,www.apsu.edu/letsgopeay/,171_171.site.png,36.5277607,-87.3588703
Murray State University,Division I,Division I,DI FCS,Active Member,Ohio Valley Conference,Ohio Valley Conference,Non-HBCU,Public,Master's Colleges & Universities,"Murray, KY",www.goracers.com,www.murraystate.edu/,172_172.favicon.ico,36.6103334,-88.314761
University of Tennessee at Martin,Division I,Division I,DI FCS,Active Member,Ohio Valley Conference,Ohio Valley Conference,Non-HBCU,Public,Master's Colleges & Universities,"Martin, TN",www.utm.edu/,www.utmsports.com,173_173.favicon.ico,35.7730076,-86.2820081
North Carolina Central University,Division I,Division I,DI FCS,Active Member,Mid-Eastern Athletic Conf.,Mid-Eastern Athletic Conf.,HBCU,Public,Master's Colleges & Universities,"Durham, NC",www.nccu.edu/,www.nccueaglepride.com,174_174.site.png,35.996653,-78.9018053
Wofford College,Division I,Division I,DI FCS,Active Member,Southern Conference,Southern Conference,Non-HBCU,Private,Baccalaureate Colleges,"Spartanburg, SC",www.wofford.edu/,www.wofford.edu/athletics,175_175.favicon.ico,34.9498007,-81.9320157
Furman University,Division I,Division I,DI FCS,Active Member,Southern Conference,Southern Conference,Non-HBCU,Private,Baccalaureate Colleges,"Greenville, SC",www.furman.edu,www.furmanpaladins.com,176_176.favicon.svg,34.851354,-82.3984882
Western Carolina University,Division I,Division I,DI FCS,Active Member,Southern Conference,Southern Conference,Non-HBCU,Public,Master's Colleges & Universities,"Cullowhee, NC",www.catamountsports.com,www.wcu.edu/,177_177.favicon.ico,35.3137739,-83.1765814
Elon University,Division I,Division I,DI FCS,Active Member,Colonial Athletic Association,Colonial Athletic Association,Non-HBCU,Private,Research Universities,"Elon, NC",www.elon.edu/,www.elonphoenix.com,178_178.site.png,36.1029132,-79.5066895
North Carolina A&T State University,Division I,Division I,DI FCS,Active Member,Mid-Eastern Athletic Conf.,Mid-Eastern Athletic Conf.,HBCU,Public,Research Universities,"Greensboro, NC",www.ncat.edu,www.ncataggies.com,179_179.site.png,36.0726355,-79.7919754
Campbell University,Division I,Division I,DI FCS,Active Member,Big South Conference,Big South Conference,Non-HBCU,Private,Research Universities,"Buies Creek, NC",www.campbell.edu,www.gocamels.com,180_180.site.png,35.412332500000005,-78.73665059608209
Charleston Southern University,Division I,Division I,DI FCS,Active Member,Big South Conference,Big South Conference,Non-HBCU,Private,Master's Colleges & Universities,"Charleston, SC",www.csuniv.edu,www.csusports.com,181_181.site.png,32.7876012,-79.9402728
The Citadel,Division I,Division I,DI FCS,Active Member,Southern Conference,Southern Conference,Non-HBCU,Public,Master's Colleges & Universities,"Charleston, SC",citadelsports.com,www.citadel.edu,182_182.favicon.ico,32.7876012,-79.9402728
Savannah State University,Division I,Division I,DI FCS,Reclass DI to DII,Southern Intercol. Ath. Conf.,Southern Intercol. Ath. Conf.,HBCU,Public,Master's Colleges & Universities,"Savannah, GA",ssuathletics.com/,www.savannahstate.edu,183_183.savannah_state_university_favicon.png,32.0809263,-81.0911768
Jacksonville University,Division I,Division I,DI FCS,Active Member,ASUN Conference,Pioneer Football League,Non-HBCU,Private,Master's Colleges & Universities,"Jacksonville, FL",www.ju.edu,www.judolphins.com,184_184.site.png,30.3321838,-81.655651
Bethune-Cookman University,Division I,Division I,DI FCS,Active Member,Mid-Eastern Athletic Conf.,Mid-Eastern Athletic Conf.,HBCU,Private,Baccalaureate Colleges,"Daytona Beach, FL",www.bcuathletics.com,www.cookman.edu,185_185.favicon.ico,29.2108147,-81.0228331
Stetson University,Division I,Division I,DI FCS,Active Member,ASUN Conference,Pioneer Football League,Non-HBCU,Private,Master's Colleges & Universities,"DeLand, FL",www.gohatters.com,www.stetson.edu/,186_186.favicon.ico,29.0283213,-81.3031098
Florida A&M University,Division I,Division I,DI FCS,Active Member,Mid-Eastern Athletic Conf.,Mid-Eastern Athletic Conf.,HBCU,Public,Research Universities,"Tallahassee, FL",famuathletics.com/,www.famu.edu,187_187.favicon.ico,30.4380832,-84.2809332
Mercer University,Division I,Division I,DI FCS,Active Member,Southern Conference,Southern Conference,Non-HBCU,Private,Research Universities,"Macon, GA",www.mercerbears.com,www2.mercer.edu/default.htm,188_188.favicon.ico,32.8406946,-83.6324022
Kennesaw State University,Division I,Division I,DI FCS,Active Member,ASUN Conference,Big South Conference,Non-HBCU,Public,Research Universities,"Kennesaw, GA",www.kennesaw.edu/,www.ksuowls.com,189_189.favicon.ico,34.0234337,-84.6154897
University of Tennessee at Chattanooga,Division I,Division I,DI FCS,Active Member,Southern Conference,Southern Conference,Non-HBCU,Public,Research Universities,"Chattanooga, TN",www.gomocs.com,www.utc.edu,190_190.two-weeks-in-fall-2020-slider.jpg,35.0457219,-85.3094883
Jacksonville State University,Division I,Division I,DI FCS,Active Member,Ohio Valley Conference,Ohio Valley Conference,Non-HBCU,Public,Master's Colleges & Universities,"Jacksonville, AL",www.jsu.edu,www.jsugamecocksports.com,191_191.site.png,33.8269995,-85.78319335989826
Samford University,Division I,Division I,DI FCS,Active Member,Southern Conference,Southern Conference,Non-HBCU,Private,Research Universities,"Birmingham, AL",samfordsports.com,www.samford.edu/,192_192.mobile-touch-icon.png,33.5206824,-86.8024326
Alabama State University,Division I,Division I,DI FCS,Active Member,Southwestern Athletic Conf.,Southwestern Athletic Conf.,HBCU,Public,Master's Colleges & Universities,"Montgomery, AL",www.alasu.edu,www.bamastatesports.com,193_193.1920px-Alabama_State_University_seal.svg.png,32.3669656,-86.3006485
Robert Morris University,Division I,Division I,DI FCS,Active Member,Northeast Conference,Northeast Conference,Non-HBCU,Private,Research Universities,"Moon Township, PA",www.rmu.edu/,www.rmucolonials.com,194_194.favicon.ico,40.5061,-80.2082
East Tennessee State University,Division I,Division I,DI FCS,Active Member,Southern Conference,Southern Conference,Non-HBCU,Public,Research Universities,"Johnson City, TN",www.etsu.edu,www.etsubucs.com/,195_195.favicon.ico,36.3134398,-82.3534728
Gardner-Webb University,Division I,Division I,DI FCS,Active Member,Big South Conference,Big South Conference,Non-HBCU,Private,Research Universities,"Boiling Springs, NC",www.gardner-webb.edu,www.gwusports.com,196_196.favicon.ico,35.254292,-81.6670407
Valparaiso University,Division I,Division I,DI FCS,Active Member,Missouri Valley Conference,Pioneer Football League,Non-HBCU,Private,Research Universities,"Valparaiso, IN",www.valpo.edu/,www.valpoathletics.com,197_197.logo.png,41.4730948,-87.0611412
Indiana State University,Division I,Division I,DI FCS,Active Member,Missouri Valley Conference,Missouri Valley Football Conference,Non-HBCU,Public,Research Universities,"Terre Haute, IN",www.gosycamores.com,www.indstate.edu,198_198.apple-touch-icon.png,39.4667025,-87.4139119
University of Dayton,Division I,Division I,DI FCS,Active Member,Atlantic 10 Conference,Pioneer Football League,Non-HBCU,Private,Research Universities,"Dayton, OH",www.daytonflyers.com,www.udayton.edu,199_199.favicon.ico,39.7589478,-84.1916069
Butler University,Division I,Division I,DI FCS,Active Member,Big East Conference,Pioneer Football League,Non-HBCU,Private,Master's Colleges & Universities,"Indianapolis, IN",www.butler.edu,www.butlersports.com,200_200.site.png,39.7683331,-86.1583502
Youngstown State University,Division I,Division I,DI FCS,Active Member,Horizon League,Missouri Valley Football Conference,Non-HBCU,Public,Master's Colleges & Universities,"Youngstown, OH",www.ysu.edu/,www.ysusports.com,201_201.site.png,41.1035786,-80.6520161
Alabama A&M University,Division I,Division I,DI FCS,Active Member,Southwestern Athletic Conf.,Southwestern Athletic Conf.,HBCU,Public,Master's Colleges & Universities,"Normal, AL",www.aamu.edu,www.aamusports.com/,202_202.favicon.ico,34.7889792,-86.5719369
Mississippi Valley State University,Division I,Division I,DI FCS,Active Member,Southwestern Athletic Conf.,Southwestern Athletic Conf.,HBCU,Public,Master's Colleges & Universities,"Itta Bena, MS",www.mvsu.edu,www.mvsusports.com,203_203.logo.jpg,33.49512,-90.3198067
Jackson State University,Division I,Division I,DI FCS,Active Member,Southwestern Athletic Conf.,Southwestern Athletic Conf.,HBCU,Public,Research Universities,"Jackson, MS",www.jsums.edu/,www.jsutigers.com,204_204.site.png,32.2990384,-90.1847691
Alcorn State University,Division I,Division I,DI FCS,Active Member,Southwestern Athletic Conf.,Southwestern Athletic Conf.,HBCU,Public,Master's Colleges & Universities,"Alcorn State, MS",www.alcorn.edu,www.alcornsports.com,205_205.favicon.ico,31.8779382,-91.1392755
Southeastern Louisiana University,Division I,Division I,DI FCS,Active Member,Southland Conference,Southland Conference,Non-HBCU,Public,Master's Colleges & Universities,"Hammond, LA",www.lionsports.net,www.selu.edu,206_206.sp20-s.ico,30.5043583,-90.4611995
Nicholls State University,Division I,Division I,DI FCS,Active Member,Southland Conference,Southland Conference,Non-HBCU,Public,Master's Colleges & Universities,"Thibodaux, LA",www.geauxcolonels.com,www.nicholls.edu/,207_207.logo.png,29.7957633,-90.822871
"Southern University, Baton Rouge",Division I,Division I,DI FCS,Active Member,Southwestern Athletic Conf.,Southwestern Athletic Conf.,HBCU,Public,Master's Colleges & Universities,"Baton Rouge, LA",www.gojagsports.com,www.subr.edu,208_208.favicon.ico,30.4459596,-91.18738
Grambling State University,Division I,Division I,DI FCS,Active Member,Southwestern Athletic Conf.,Southwestern Athletic Conf.,HBCU,Public,Master's Colleges & Universities,"Grambling, LA",www.gram.edu,www.gsutigers.com,209_209.favicon.ico,32.5276503,-92.7140403
Northwestern State University,Division I,Division I,DI FCS,Active Member,Southland Conference,Southland Conference,Non-HBCU,Public,Master's Colleges & Universities,"Natchitoches, LA",www.nsudemons.com,www.nsula.edu,210_210.wordmarksmall2.png,31.7606732,-93.0860209
"University of Arkansas, Pine Bluff",Division I,Division I,DI FCS,Active Member,Southwestern Athletic Conf.,Southwestern Athletic Conf.,HBCU,Public,Baccalaureate Colleges,"Pine Bluff, AR",www.uapb.edu,www.uapblionsroar.com,211_211.site.png,34.2157064,-92.0140402
University of Central Arkansas,Division I,Division I,DI FCS,Active Member,Southland Conference,Southland Conference,Non-HBCU,Public,Research Universities,"Conway, AR",www.uca.edu,www.ucasports.com,212_212.site.png,35.2521996,-92.6888936
Missouri State University,Division I,Division I,DI FCS,Active Member,Missouri Valley Conference,Missouri Valley Football Conference,Non-HBCU,Public,Research Universities,"Springfield, MO",www.missouristate.edu,www.missouristatebears.com,213_213.site.png,37.2166779,-93.2920373
University of Northern Iowa,Division I,Division I,DI FCS,Active Member,Missouri Valley Conference,Missouri Valley Football Conference,Non-HBCU,Public,Master's Colleges & Universities,"Cedar Falls, IA",www.uni.edu/,www.unipanthers.com,214_214.site.png,42.5274123,-92.4453179
Drake University,Division I,Division I,DI FCS,Active Member,Missouri Valley Conference,Pioneer Football League,Non-HBCU,Private,Research Universities,"Des Moines, IA",www.drake.edu,www.godrakebulldogs.com,215_215.site.png,41.5910641,-93.6037149
University of South Dakota,Division I,Division I,DI FCS,Active Member,The Summit League,Missouri Valley Football Conference,Non-HBCU,Public,Research Universities,"Vermillion, SD",www.goyotes.com,www.usd.edu,216_216.favicon.ico,42.7795273,-96.929101
South Dakota State University,Division I,Division I,DI FCS,Active Member,The Summit League,Missouri Valley Football Conference,Non-HBCU,Public,Research Universities,"Brookings, SD",www.gojacks.com,www.sdstate.edu,217_217.favicon.ico,44.3763598,-96.7925213
North Dakota State University,Division I,Division I,DI FCS,Active Member,The Summit League,Missouri Valley Football Conference,Non-HBCU,Public,Research Universities,"Fargo, ND",www.GoBison.com,www.ndsu.edu/,218_218.favicon_0.ico,46.877229,-96.789821
University of North Dakota,Division I,Division I,DI FCS,Active Member,The Summit League,Independent,Non-HBCU,Public,Research Universities,"Grand Forks, ND",www.und.edu/,www.undsports.com,219_219.site.png,47.9078244,-97.0592028
Southern Illinois University at Carbondale,Division I,Division I,DI FCS,Active Member,Missouri Valley Conference,Missouri Valley Football Conference,Non-HBCU,Public,Research Universities,"Carbondale, IL",www.siuc.edu/,www.siusalukis.com/,220_220.site.png,37.7274692,-89.216655
Southeast Missouri State University,Division I,Division I,DI FCS,Active Member,Ohio Valley Conference,Ohio Valley Conference,Non-HBCU,Public,Master's Colleges & Universities,"Cape Girardeau, MO",www.GoSoutheast.com,www.semo.edu/,221_221.favicon.ico,37.3034933,-89.5230357
Tennessee State University,Division I,Division I,DI FCS,Active Member,Ohio Valley Conference,Ohio Valley Conference,HBCU,Public,Research Universities,"Nashville, TN",www.tnstate.edu/,www.tsutigers.com,222_222.site.png,36.1622296,-86.7743531
Eastern Illinois University,Division I,Division I,DI FCS,Active Member,Ohio Valley Conference,Ohio Valley Conference,Non-HBCU,Public,Master's Colleges & Universities,"Charleston, IL",www.eiu.edu,www.eiupanthers.com,223_223.favicon.ico,39.4961458,-88.1761521
Illinois State University,Division I,Division I,DI FCS,Active Member,Missouri Valley Conference,Missouri Valley Football Conference,Non-HBCU,Public,Research Universities,"Normal, IL",goredbirds.com,www.ilstu.edu,224_224.reggie.ico,40.5117699,-88.9944815
Western Illinois University,Division I,Division I,DI FCS,Active Member,The Summit League,Missouri Valley Football Conference,Non-HBCU,Public,Master's Colleges & Universities,"Macomb, IL",www.goleathernecks.com,www.wiu.edu,225_225.favicon.ico,40.4588934,-90.6713939
Lamar University,Division I,Division I,DI FCS,Active Member,Southland Conference,Southland Conference,Non-HBCU,Public,Research Universities,"Beaumont, TX",www.lamar.edu/,www.lamarcardinals.com,226_226.site.png,30.0860459,-94.1018461
Stephen F. Austin State University,Division I,Division I,DI FCS,Active Member,Southland Conference,Southland Conference,Non-HBCU,Public,Research Universities,"Nacogdoches, TX",sfajacks.cstv.com,www.sfasu.edu/,227_227.favicon.ico,31.5970503,-94.5927451
Texas Southern University,Division I,Division I,DI FCS,Active Member,Southwestern Athletic Conf.,Southwestern Athletic Conf.,HBCU,Public,Research Universities,"Houston, TX",www.tsu.edu/,www.tsusports.com,228_228.site.png,29.7589382,-95.3676974
Houston Baptist University,Division I,Division I,DI FCS,Active Member,Southland Conference,Southland Conference,Non-HBCU,Private,Master's Colleges & Universities,"Houston, TX",www.hbu.edu/,www.hbuhuskies.com,229_229.favicon.ico,29.7589382,-95.3676974
Sam Houston State University,Division I,Division I,DI FCS,Active Member,Southland Conference,Southland Conference,Non-HBCU,Public,Research Universities,"Huntsville, TX",www.gobearkats.com,www.shsu.edu/,230_230.favicon.ico,30.7235263,-95.5507771
Prairie View A&M University,Division I,Division I,DI FCS,Active Member,Southwestern Athletic Conf.,Southwestern Athletic Conf.,HBCU,Public,Master's Colleges & Universities,"Prairie View, TX",www.pvamu.edu,www.pvpanthers.com,231_231.site.png,30.0857916,-95.9907058
University of the Incarnate Word,Division I,Division I,DI FCS,Active Member,Southland Conference,Southland Conference,Non-HBCU,Private,Research Universities,"San Antonio, TX",www.uiw.edu,www.uiwtx.edu/athletics/index.htm,232_232.site.png,29.4246002,-98.4951405
Abilene Christian University,Division I,Division I,DI FCS,Active Member,Southland Conference,Southland Conference,Non-HBCU,Private,Master's Colleges & Universities,"Abilene, TX",www.acu.edu,www.acusports.com,233_233.site.png,32.44645,-99.7475905
University of Montana,Division I,Division I,DI FCS,Active Member,Big Sky Conference,Big Sky Conference,Non-HBCU,Public,Research Universities,"Missoula, MT",www.gogriz.com,www.umt.edu/,234_234.opengraph-logo.jpg,46.8701049,-113.9952672
Montana State University-Bozeman,Division I,Division I,DI FCS,Active Member,Big Sky Conference,Big Sky Conference,Non-HBCU,Public,Research Universities,"Bozeman, MT",www.montana.edu/,www.msubobcats.com,235_235.favicon.ico,45.6794293,-111.0440474
University of Idaho,Division I,Division I,DI FCS,Active Member,Big Sky Conference,Big Sky Conference,Non-HBCU,Public,Research Universities,"Moscow, ID",www.govandals.com,www.uidaho.edu/,236_236.favicon.ico,46.7323875,-117.0001651
Eastern Washington University,Division I,Division I,DI FCS,Active Member,Big Sky Conference,Big Sky Conference,Non-HBCU,Public,Master's Colleges & Universities,"Cheney, WA",goeags.com,www.ewu.edu/,237_237.ewuEagle.png,47.4873895,-117.5757676
Portland State University,Division I,Division I,DI FCS,Active Member,Big Sky Conference,Big Sky Conference,Non-HBCU,Public,Research Universities,"Portland, OR",www.goviks.com,www.pdx.edu/,238_238.favicon.ico,45.5202471,-122.6741949
Idaho State University,Division I,Division I,DI FCS,Active Member,Big Sky Conference,Big Sky Conference,Non-HBCU,Public,Research Universities,"Pocatello, ID",www.isu.edu,www.isubengals.com,239_239.favicon.ico,42.8688613,-112.4401098
Weber State University,Division I,Division I,DI FCS,Active Member,Big Sky Conference,Big Sky Conference,Non-HBCU,Public,Master's Colleges & Universities,"Ogden, UT",www.weber.edu,www.weberstatesports.com/,240_240.favicon.ico,41.2230048,-111.9738429
California Polytechnic State University,Division I,Division I,DI FCS,Active Member,Big West Conference,Big Sky Conference,Non-HBCU,Public,Master's Colleges & Universities,"San Luis Obispo, CA",gopoly.com,www.calpoly.edu,241_241.favicon.ico,35.3540209,-120.3757163
"California State University, Sacramento",Division I,Division I,DI FCS,Active Member,Big Sky Conference,Big Sky Conference,Non-HBCU,Public,Master's Colleges & Universities,"Sacramento, CA",www.csus.edu,www.hornetsports.com,242_242.site.png,38.5815719,-121.4943996
"University of California, Davis",Division I,Division I,DI FCS,Active Member,Big West Conference,Big Sky Conference,Non-HBCU,Public,Research Universities,"Davis, CA",www.ucdavis.edu,www.ucdavisaggies.com,243_243.favicon.ico,38.545379,-121.7445835
University of Northern Colorado,Division I,Division I,DI FCS,Active Member,Big Sky Conference,Big Sky Conference,Non-HBCU,Public,Research Universities,"Greeley, CO",www.uncbears.com,www.unco.edu,244_244.favicon.ico,40.4233142,-104.7091322
Southern Utah University,Division I,Division I,DI FCS,Active Member,Big Sky Conference,Big Sky Conference,Non-HBCU,Public,Master's Colleges & Universities,"Cedar City, UT",www.suu.edu,www.suutbirds.com,245_245.site.png,37.6774238,-113.0618277
Northern Arizona University,Division I,Division I,DI FCS,Active Member,Big Sky Conference,Big Sky Conference,Non-HBCU,Public,Research Universities,"Flagstaff, AZ",www.nau.edu,www.nauathletics.com,246_246.favicon.ico,35.1987522,-111.6518229
University of San Diego,Division I,Division I,DI FCS,Active Member,West Coast Conference,Pioneer Football League,Non-HBCU,Private,Research Universities,"San Diego, CA",www.sandiego.edu,www.usdtoreros.com,247_247.favicon.ico,32.7174209,-117.1627714
