School Name,Primary Division,Sport Division,Subdivision,Membership Status,Primary Conference,Sport Conference,HBCU/Non-HBCU,Public/Private,Carnegie Classification,City/State ,Primary URL,Secondary URL
Boston College,Division I,Division I,DI FBS,Active Member,Atlantic Coast Conference,Atlantic Coast Conference,Non-HBCU,Private,Research Universities,"Chestnut Hill, MA",www.bc.edu,www.bceagles.com
"University of Massachusetts, Amherst",Division I,Division I,DI FBS,Active Member,Atlantic 10 Conference,Independent,Non-HBCU,Public,Research Universities,"Amherst, MA",www.umass.edu/,www.umassathletics.com
University of Connecticut,Division I,Division I,DI FBS,Active Member,American Athletic Conference,American Athletic Conference,Non-HBCU,Public,Research Universities,"Storrs, CT",www.uconn.edu,www.uconnhuskies.com
U.S. Military Academy,Division I,Division I,DI FBS,Active Member,Patriot League,Independent,Non-HBCU,Public,Baccalaureate Colleges,"West Point, NY",www.goArmyWestPoint.com,www.usma.edu/
Syracuse University,Division I,Division I,DI FBS,Active Member,Atlantic Coast Conference,Atlantic Coast Conference,Non-HBCU,Private,Research Universities,"Syracuse, NY",suathletics.com,www.syr.edu/
"Rutgers, The State University of New Jersey, New Brunswick",Division I,Division I,DI FBS,Active Member,Big Ten Conference,Big Ten Conference,Non-HBCU,Public,Research Universities,"New Brunswick, NJ",www.rutgers.edu,www.scarletknights.com
Temple University,Division I,Division I,DI FBS,Active Member,American Athletic Conference,American Athletic Conference,Non-HBCU,Public,Research Universities,"Philadelphia, PA",www.owlsports.com,www.temple.edu/
Pennsylvania State University,Division I,Division I,DI FBS,Active Member,Big Ten Conference,Big Ten Conference,Non-HBCU,Public,Research Universities,"University Park, PA",goPSUsports.com,www.psu.edu
University of Virginia,Division I,Division I,DI FBS,Active Member,Atlantic Coast Conference,Atlantic Coast Conference,Non-HBCU,Public,Research Universities,"Charlottesville, VA",www.virginia.edu/,www.virginiasports.com/
Liberty University,Division I,Division I,DI FBS,Active Member,ASUN Conference,Independent,Non-HBCU,Private,Research Universities,"Lynchburg, VA",www.LibertyFlames.com,www.liberty.edu
Marshall University,Division I,Division I,DI FBS,Active Member,Conference USA,Conference USA,Non-HBCU,Public,Research Universities,"Huntington, WV",www.herdzone.com,www.marshall.edu
Old Dominion University,Division I,Division I,DI FBS,Active Member,Conference USA,Conference USA,Non-HBCU,Public,Research Universities,"Norfolk, VA",www.odu.edu,www.odusports.com
U.S. Naval Academy,Division I,Division I,DI FBS,Active Member,Patriot League,American Athletic Conference,Non-HBCU,Public,Baccalaureate Colleges,"Annapolis, MD",www.navysports.com,www.usna.edu/
Duke University,Division I,Division I,DI FBS,Active Member,Atlantic Coast Conference,Atlantic Coast Conference,Non-HBCU,Private,Research Universities,"Durham, NC",www.duke.edu,www.goduke.com
West Virginia University,Division I,Division I,DI FBS,Active Member,Big 12 Conference,Big 12 Conference,Non-HBCU,Public,Research Universities,"Morgantown, WV",www.wvu.edu,www.wvusports.com
University of Akron,Division I,Division I,DI FBS,Active Member,Mid-American Conference,Mid-American Conference,Non-HBCU,Public,Research Universities,"Akron, OH",www.gozips.com,www.uakron.edu
Ohio University,Division I,Division I,DI FBS,Active Member,Mid-American Conference,Mid-American Conference,Non-HBCU,Public,Research Universities,"Athens, OH",www.OhioBobcats.com,www.ohio.edu
Bowling Green State University,Division I,Division I,DI FBS,Active Member,Mid-American Conference,Mid-American Conference,Non-HBCU,Public,Research Universities,"Bowling Green, OH",www.bgsu.edu,www.bgsufalcons.com
University of Toledo,Division I,Division I,DI FBS,Active Member,Mid-American Conference,Mid-American Conference,Non-HBCU,Public,Research Universities,"Toledo, OH",www.utoledo.edu,www.utrockets.com
Eastern Michigan University,Division I,Division I,DI FBS,Active Member,Mid-American Conference,Mid-American Conference,Non-HBCU,Public,Research Universities,"Ypsilanti, MI",www.emich.edu/,www.emueagles.com
Michigan State University,Division I,Division I,DI FBS,Active Member,Big Ten Conference,Big Ten Conference,Non-HBCU,Public,Research Universities,"East Lansing, MI",www.msu.edu,www.msuspartans.com
Central Michigan University,Division I,Division I,DI FBS,Active Member,Mid-American Conference,Mid-American Conference,Non-HBCU,Public,Research Universities,"Mount Pleasant, MI",www.cmich.edu,www.cmuchippewas.com
Western Michigan University,Division I,Division I,DI FBS,Active Member,Mid-American Conference,Mid-American Conference,Non-HBCU,Public,Research Universities,"Kalamazoo, MI",www.wmich.edu,www.wmubroncos.com
"University at Buffalo, the State University of New York",Division I,Division I,DI FBS,Active Member,Mid-American Conference,Mid-American Conference,Non-HBCU,Public,Research Universities,"Buffalo, NY",www.buffalo.edu,www.ubbulls.com
University of Pittsburgh,Division I,Division I,DI FBS,Active Member,Atlantic Coast Conference,Atlantic Coast Conference,Non-HBCU,Public,Research Universities,"Pittsburgh, PA",www.pitt.edu,www.pittsburghpanthers.com
Virginia Polytechnic Institute and State University,Division I,Division I,DI FBS,Active Member,Atlantic Coast Conference,Atlantic Coast Conference,Non-HBCU,Public,Research Universities,"Blacksburg, VA",www.hokiesports.com,www.vt.edu
North Carolina State University,Division I,Division I,DI FBS,Active Member,Atlantic Coast Conference,Atlantic Coast Conference,Non-HBCU,Public,Research Universities,"Raleigh, NC",www.gopack.com,www.ncsu.edu
"University of North Carolina, Chapel Hill",Division I,Division I,DI FBS,Active Member,Atlantic Coast Conference,Atlantic Coast Conference,Non-HBCU,Public,Research Universities,"Chapel Hill, NC",www.goheels.com,www.unc.edu
The University of North Carolina at Charlotte,Division I,Division I,DI FBS,Active Member,Conference USA,Conference USA,Non-HBCU,Public,Research Universities,"Charlotte, NC",www.charlotte49ers.com,www.uncc.edu
Wake Forest University,Division I,Division I,DI FBS,Active Member,Atlantic Coast Conference,Atlantic Coast Conference,Non-HBCU,Private,Research Universities,"Winston-Salem, NC",wakeforestsports.collegesports.com/,www.wfu.edu/
Coastal Carolina University,Division I,Division I,DI FBS,Active Member,Sun Belt Conference,Sun Belt Conference,Non-HBCU,Public,Master's Colleges & Universities,"Conway, SC",www.coastal.edu,www.goccusports.com
"University of South Carolina, Columbia",Division I,Division I,DI FBS,Active Member,Southeastern Conference,Southeastern Conference,Non-HBCU,Public,Research Universities,"Columbia, SC",gamecocksonline.cstv.com/,www.sc.edu/
East Carolina University,Division I,Division I,DI FBS,Active Member,American Athletic Conference,American Athletic Conference,Non-HBCU,Public,Research Universities,"Greenville, NC",www.ecu.edu,www.ecupirates.com
University of Miami (Florida),Division I,Division I,DI FBS,Active Member,Atlantic Coast Conference,Atlantic Coast Conference,Non-HBCU,Private,Research Universities,"Coral Gables, FL",www.hurricanesports.com,www.miami.edu
Florida International University,Division I,Division I,DI FBS,Active Member,Conference USA,Conference USA,Non-HBCU,Public,Research Universities,"Miami, FL",www.fiu.edu,www.fiusports.com
Florida Atlantic University,Division I,Division I,DI FBS,Active Member,Conference USA,Conference USA,Non-HBCU,Public,Research Universities,"Boca Raton, FL",fausports.collegesports.com/,www.fau.edu
University of Central Florida,Division I,Division I,DI FBS,Active Member,American Athletic Conference,American Athletic Conference,Non-HBCU,Public,Research Universities,"Orlando, FL",www.ucf.edu,www.ucfknights.com/
University of South Florida,Division I,Division I,DI FBS,Active Member,American Athletic Conference,American Athletic Conference,Non-HBCU,Public,Research Universities,"Tampa, FL",www.gousfbulls.com/,www.usf.edu/
University of Florida,Division I,Division I,DI FBS,Active Member,Southeastern Conference,Southeastern Conference,Non-HBCU,Public,Research Universities,"Gainesville, FL",www.floridagators.com,www.ufl.edu
Florida State University,Division I,Division I,DI FBS,Active Member,Atlantic Coast Conference,Atlantic Coast Conference,Non-HBCU,Public,Research Universities,"Tallahassee, FL",www.fsu.edu,www.seminoles.com
University of Georgia,Division I,Division I,DI FBS,Active Member,Southeastern Conference,Southeastern Conference,Non-HBCU,Public,Research Universities,"Athens, GA",www.georgiadogs.com,www.uga.edu
"University of Maryland, College Park",Division I,Division I,DI FBS,Active Member,Big Ten Conference,Big Ten Conference,Non-HBCU,Public,Research Universities,"College Park, MD",www.umd.edu,www.umterps.com
Vanderbilt University,Division I,Division I,DI FBS,Active Member,Southeastern Conference,Southeastern Conference,Non-HBCU,Private,Research Universities,"Nashville, TN",www.vanderbilt.edu/,www.vucommodores.com
University of Michigan,Division I,Division I,DI FBS,Active Member,Big Ten Conference,Big Ten Conference,Non-HBCU,Public,Research Universities,"Ann Arbor, MI",mgoblue.com,www.umich.edu/
University of Notre Dame,Division I,Division I,DI FBS,Active Member,Atlantic Coast Conference,Independent,Non-HBCU,Private,Research Universities,"Notre Dame, IN",www.nd.edu,www.und.com
University of Mississippi,Division I,Division I,DI FBS,Active Member,Southeastern Conference,Southeastern Conference,Non-HBCU,Public,Research Universities,"University, MS",www.olemiss.edu,www.olemisssports.com
Mississippi State University,Division I,Division I,DI FBS,Active Member,Southeastern Conference,Southeastern Conference,Non-HBCU,Public,Research Universities,"Mississippi State, MS",www.hailstate.com,www.msstate.edu/
University of South Alabama,Division I,Division I,DI FBS,Active Member,Sun Belt Conference,Sun Belt Conference,Non-HBCU,Public,Research Universities,"Mobile, AL",www.southalabama.edu,www.usajaguars.com
The Ohio State University,Division I,Division I,DI FBS,Active Member,Big Ten Conference,Big Ten Conference,Non-HBCU,Public,Research Universities,"Columbus, OH",www.ohiostatebuckeyes.com,www.osu.edu
Clemson University,Division I,Division I,DI FBS,Active Member,Atlantic Coast Conference,Atlantic Coast Conference,Non-HBCU,Public,Research Universities,"Clemson, SC",www.clemson.edu,www.clemsontigers.com
University of Alabama at Birmingham,Division I,Division I,DI FBS,Active Member,Conference USA,Conference USA,Non-HBCU,Public,Research Universities,"Birmingham, AL",www.uab.edu,www.uabsports.com
University of Alabama,Division I,Division I,DI FBS,Active Member,Southeastern Conference,Southeastern Conference,Non-HBCU,Public,Research Universities,"Tuscaloosa, AL",www.rolltide.com,www.ua.edu
Georgia State University,Division I,Division I,DI FBS,Active Member,Sun Belt Conference,Sun Belt Conference,Non-HBCU,Public,Research Universities,"Atlanta, GA",www.georgiastatesports.com,www.gsu.edu
Auburn University,Division I,Division I,DI FBS,Active Member,Southeastern Conference,Southeastern Conference,Non-HBCU,Public,Research Universities,"Auburn, AL",www.auburn.edu,www.auburntigers.com
Troy University,Division I,Division I,DI FBS,Active Member,Sun Belt Conference,Sun Belt Conference,Non-HBCU,Public,Master's Colleges & Universities,"Troy, AL",www.troy.edu,www.troytrojans.com
"University of Tennessee, Knoxville",Division I,Division I,DI FBS,Active Member,Southeastern Conference,Southeastern Conference,Non-HBCU,Public,Research Universities,"Knoxville, TN",www.utk.edu/,www.utsports.com
Middle Tennessee State University,Division I,Division I,DI FBS,Active Member,Conference USA,Conference USA,Non-HBCU,Public,Research Universities,"Murfreesboro, TN",www.goblueraiders.com,www.mtsu.edu/
Appalachian State University,Division I,Division I,DI FBS,Active Member,Sun Belt Conference,Sun Belt Conference,Non-HBCU,Public,Master's Colleges & Universities,"Boone, NC",www.appstate.edu,www.appstatesports.com
University of Kentucky,Division I,Division I,DI FBS,Active Member,Southeastern Conference,Southeastern Conference,Non-HBCU,Public,Research Universities,"Lexington, KY",www.ukathletics.com,www.uky.edu
University of Louisville,Division I,Division I,DI FBS,Active Member,Atlantic Coast Conference,Atlantic Coast Conference,Non-HBCU,Public,Research Universities,"Louisville, KY",www.louisville.edu/,www.uoflsports.com
Western Kentucky University,Division I,Division I,DI FBS,Active Member,Conference USA,Conference USA,Non-HBCU,Public,Research Universities,"Bowling Green, KY",www.wku.edu/,www.wkusports.com
University of Memphis,Division I,Division I,DI FBS,Active Member,American Athletic Conference,American Athletic Conference,Non-HBCU,Public,Research Universities,"Memphis, TN",www.gotigersgo.com,www.memphis.edu/
University of Cincinnati,Division I,Division I,DI FBS,Active Member,American Athletic Conference,American Athletic Conference,Non-HBCU,Public,Research Universities,"Cincinnati, OH",www.gobearcats.com,www.uc.edu
Miami University (Ohio),Division I,Division I,DI FBS,Active Member,Mid-American Conference,Mid-American Conference,Non-HBCU,Public,Research Universities,"Oxford, OH",www.miamiOH.edu,www.muRedHawks.com
Ball State University,Division I,Division I,DI FBS,Active Member,Mid-American Conference,Mid-American Conference,Non-HBCU,Public,Research Universities,"Muncie, IN",www.ballstatesports.com,www.bsu.edu
"Indiana University, Bloomington",Division I,Division I,DI FBS,Active Member,Big Ten Conference,Big Ten Conference,Non-HBCU,Public,Research Universities,"Bloomington, IN",iuhoosiers.com/,www.iub.edu/
Purdue University,Division I,Division I,DI FBS,Active Member,Big Ten Conference,Big Ten Conference,Non-HBCU,Public,Research Universities,"West Lafayette, IN",www.purdue.edu,www.purduesports.com
Northwestern University,Division I,Division I,DI FBS,Active Member,Big Ten Conference,Big Ten Conference,Non-HBCU,Private,Research Universities,"Evanston, IL",www.northwestern.edu/,www.nusports.com
University of Illinois Urbana-Champaign,Division I,Division I,DI FBS,Active Member,Big Ten Conference,Big Ten Conference,Non-HBCU,Public,Research Universities,"Champaign, IL",www.fightingillini.com,www.illinois.edu
Northern Illinois University,Division I,Division I,DI FBS,Active Member,Mid-American Conference,Mid-American Conference,Non-HBCU,Public,Research Universities,"De Kalb, IL",www.niu.edu,www.niuhuskies.com
University of Wisconsin-Madison,Division I,Division I,DI FBS,Active Member,Big Ten Conference,Big Ten Conference,Non-HBCU,Public,Research Universities,"Madison, WI",www.uwbadgers.com,www.wisc.edu/
Arkansas State University,Division I,Division I,DI FBS,Active Member,Sun Belt Conference,Sun Belt Conference,Non-HBCU,Public,Research Universities,"State University, AR",www.astate.edu,www.astateredwolves.com
"University of Missouri, Columbia",Division I,Division I,DI FBS,Active Member,Southeastern Conference,Southeastern Conference,Non-HBCU,Public,Research Universities,"Columbia, MO",www.missouri.edu,www.mutigers.com
University of Iowa,Division I,Division I,DI FBS,Active Member,Big Ten Conference,Big Ten Conference,Non-HBCU,Public,Research Universities,"Iowa City, IA",hawkeyesports.com,www.uiowa.edu/
"University of Minnesota, Twin Cities",Division I,Division I,DI FBS,Active Member,Big Ten Conference,Big Ten Conference,Non-HBCU,Public,Research Universities,"Minneapolis, MN",www.gophersports.com,www.umn.edu
The University of Southern Mississippi,Division I,Division I,DI FBS,Active Member,Conference USA,Conference USA,Non-HBCU,Public,Research Universities,"Hattiesburg, MS",Southernmiss.com,www.usm.edu/
Tulane University,Division I,Division I,DI FBS,Active Member,American Athletic Conference,American Athletic Conference,Non-HBCU,Private,Research Universities,"New Orleans, LA",www.tulane.edu,www.tulanegreenwave.com/index-main.html
Louisiana State University,Division I,Division I,DI FBS,Active Member,Southeastern Conference,Southeastern Conference,Non-HBCU,Public,Research Universities,"Baton Rouge, LA",www.lsu.edu,www.lsusports.net
University of Louisiana at Lafayette,Division I,Division I,DI FBS,Active Member,Sun Belt Conference,Sun Belt Conference,Non-HBCU,Public,Research Universities,"Lafayette, LA",www.louisiana.edu/,www.ragincajuns.com
University of Louisiana Monroe,Division I,Division I,DI FBS,Active Member,Sun Belt Conference,Sun Belt Conference,Non-HBCU,Public,Research Universities,"Monroe, LA",www.ulm.edu,www.ulmwarhawks.com
Louisiana Tech University,Division I,Division I,DI FBS,Active Member,Conference USA,Conference USA,Non-HBCU,Public,Research Universities,"Ruston, LA",www.latech.edu/,www.latechsports.com/
"University of Arkansas, Fayetteville",Division I,Division I,DI FBS,Active Member,Southeastern Conference,Southeastern Conference,Non-HBCU,Public,Research Universities,"Fayetteville, AR",www.arkansasrazorbacks.com,www.uark.edu
University of Houston,Division I,Division I,DI FBS,Active Member,American Athletic Conference,American Athletic Conference,Non-HBCU,Public,Research Universities,"Houston, TX",www.uh.edu,www.uhcougars.com
Southern Methodist University,Division I,Division I,DI FBS,Active Member,American Athletic Conference,American Athletic Conference,Non-HBCU,Private,Research Universities,"Dallas, TX",www.smu.edu,www.smumustangs.com
University of North Texas,Division I,Division I,DI FBS,Active Member,Conference USA,Conference USA,Non-HBCU,Public,Research Universities,"Denton, TX",www.meangreensports.com,www.unt.edu
Texas Christian University,Division I,Division I,DI FBS,Active Member,Big 12 Conference,Big 12 Conference,Non-HBCU,Private,Research Universities,"Fort Worth, TX",www.gofrogs.com,www.tcu.edu
Baylor University,Division I,Division I,DI FBS,Active Member,Big 12 Conference,Big 12 Conference,Non-HBCU,Private,Research Universities,"Waco, TX",www.BaylorBears.com,www.baylor.edu
"Texas A&M University, College Station",Division I,Division I,DI FBS,Active Member,Southeastern Conference,Southeastern Conference,Non-HBCU,Public,Research Universities,"College Station, TX",www.12thman.com,www.tamu.edu
"University of Nebraska, Lincoln",Division I,Division I,DI FBS,Active Member,Big Ten Conference,Big Ten Conference,Non-HBCU,Public,Research Universities,"Lincoln, NE",www.huskers.com,www.unl.edu
Iowa State University,Division I,Division I,DI FBS,Active Member,Big 12 Conference,Big 12 Conference,Non-HBCU,Public,Research Universities,"Ames, IA",www.cyclones.com,www.iastate.edu
University of Kansas,Division I,Division I,DI FBS,Active Member,Big 12 Conference,Big 12 Conference,Non-HBCU,Public,Research Universities,"Lawrence, KS",www.ku.edu,www.kuathletics.com
Kansas State University,Division I,Division I,DI FBS,Active Member,Big 12 Conference,Big 12 Conference,Non-HBCU,Public,Research Universities,"Manhattan, KS",www.k-state.edu/,www.kstatesports.com
The University of Tulsa,Division I,Division I,DI FBS,Active Member,American Athletic Conference,American Athletic Conference,Non-HBCU,Private,Research Universities,"Tulsa, OK",www.tulsahurricane.com,www.utulsa.edu/
Oklahoma State University,Division I,Division I,DI FBS,Active Member,Big 12 Conference,Big 12 Conference,Non-HBCU,Public,Research Universities,"Stillwater, OK",www.okstate.com,www.okstate.edu
University of Oklahoma,Division I,Division I,DI FBS,Active Member,Big 12 Conference,Big 12 Conference,Non-HBCU,Public,Research Universities,"Norman, OK",soonersports.com,www.ou.edu
Texas Tech University,Division I,Division I,DI FBS,Active Member,Big 12 Conference,Big 12 Conference,Non-HBCU,Public,Research Universities,"Lubbock, TX",www.texastech.com/,www.ttu.edu/
New Mexico State University,Division I,Division I,DI FBS,Active Member,Western Athletic Conference,Independent,Non-HBCU,Public,Research Universities,"Las Cruces, NM",www.nmstatesports.com,www.nmsu.edu
University of New Mexico,Division I,Division I,DI FBS,Active Member,Mountain West Conference,Mountain West Conference,Non-HBCU,Public,Research Universities,"Albuquerque, NM",www.golobos.com,www.unm.edu/
U.S. Air Force Academy,Division I,Division I,DI FBS,Active Member,Mountain West Conference,Mountain West Conference,Non-HBCU,Public,Baccalaureate Colleges,"USAF Academy, CO",www.goairforcefalcons.com/,www.usafa.edu
"University of Colorado, Boulder",Division I,Division I,DI FBS,Active Member,Pac-12 Conference,Pac-12 Conference,Non-HBCU,Public,Research Universities,"Boulder, CO",www.colorado.edu/,www.cubuffs.com/
Colorado State University,Division I,Division I,DI FBS,Active Member,Mountain West Conference,Mountain West Conference,Non-HBCU,Public,Research Universities,"Fort Collins, CO",www.colostate.edu,www.csurams.com
University of Wyoming,Division I,Division I,DI FBS,Active Member,Mountain West Conference,Mountain West Conference,Non-HBCU,Public,Research Universities,"Laramie, WY",www.gowyo.com,www.uwyo.edu
University of Arizona,Division I,Division I,DI FBS,Active Member,Pac-12 Conference,Pac-12 Conference,Non-HBCU,Public,Research Universities,"Tucson, AZ",www.arizona.edu,www.arizonawildcats.com
Arizona State University,Division I,Division I,DI FBS,Active Member,Pac-12 Conference,Pac-12 Conference,Non-HBCU,Public,Research Universities,"Tempe, AZ",asu.edu,www.thesundevils.com/
Brigham Young University,Division I,Division I,DI FBS,Active Member,West Coast Conference,Independent,Non-HBCU,Private,Research Universities,"Provo, UT",www.byu.edu,www.byucougars.com
University of Utah,Division I,Division I,DI FBS,Active Member,Pac-12 Conference,Pac-12 Conference,Non-HBCU,Public,Research Universities,"Salt Lake City, UT",utahutes.cstv.com/,www.utah.edu/
Utah State University,Division I,Division I,DI FBS,Active Member,Mountain West Conference,Mountain West Conference,Non-HBCU,Public,Research Universities,"Logan, UT",utahstateaggies.com,www.usu.edu/
Boise State University,Division I,Division I,DI FBS,Active Member,Mountain West Conference,Mountain West Conference,Non-HBCU,Public,Research Universities,"Boise, ID",www.boisestate.edu,www.broncosports.com
San Diego State University,Division I,Division I,DI FBS,Active Member,Mountain West Conference,Mountain West Conference,Non-HBCU,Public,Research Universities,"San Diego, CA",www.goaztecs.com,www.sdsu.edu/
"University of Nevada, Las Vegas",Division I,Division I,DI FBS,Active Member,Mountain West Conference,Mountain West Conference,Non-HBCU,Public,Research Universities,"Las Vegas, NV",www.unlv.edu,www.unlvrebels.com
University of Southern California,Division I,Division I,DI FBS,Active Member,Pac-12 Conference,Pac-12 Conference,Non-HBCU,Private,Research Universities,"Los Angeles, CA",www.usc.edu/,www.usctrojans.com
"University of California, Los Angeles",Division I,Division I,DI FBS,Active Member,Pac-12 Conference,Pac-12 Conference,Non-HBCU,Public,Research Universities,"Los Angeles, CA",www.ucla.edu,www.uclabruins.com
"California State University, Fresno",Division I,Division I,DI FBS,Active Member,Mountain West Conference,Mountain West Conference,Non-HBCU,Public,Research Universities,"Fresno, CA",www.csufresno.edu,www.gobulldogs.com
"University of Nevada, Reno",Division I,Division I,DI FBS,Active Member,Mountain West Conference,Mountain West Conference,Non-HBCU,Public,Research Universities,"Reno, NV",www.nevadawolfpack.com,www.unr.edu
San Jose State University,Division I,Division I,DI FBS,Active Member,Mountain West Conference,Mountain West Conference,Non-HBCU,Public,Master's Colleges & Universities,"San Jose, CA",www.sjsu.edu,www.sjsuspartans.com
Stanford University,Division I,Division I,DI FBS,Active Member,Pac-12 Conference,Pac-12 Conference,Non-HBCU,Private,Research Universities,"Stanford, CA",www.gostanford.com,www.stanford.edu
"University of California, Berkeley",Division I,Division I,DI FBS,Active Member,Pac-12 Conference,Pac-12 Conference,Non-HBCU,Public,Research Universities,"Berkeley, CA",www.berkeley.edu,www.calbears.com
University of Oregon,Division I,Division I,DI FBS,Active Member,Pac-12 Conference,Pac-12 Conference,Non-HBCU,Public,Research Universities,"Eugene, OR",www.goducks.com,www.uoregon.edu
Oregon State University,Division I,Division I,DI FBS,Active Member,Pac-12 Conference,Pac-12 Conference,Non-HBCU,Public,Research Universities,"Corvallis, OR",www.oregonstate.edu/,www.osubeavers.com
University of Washington,Division I,Division I,DI FBS,Active Member,Pac-12 Conference,Pac-12 Conference,Non-HBCU,Public,Research Universities,"Seattle, WA",www.gohuskies.com,www.washington.edu/
Washington State University,Division I,Division I,DI FBS,Active Member,Pac-12 Conference,Pac-12 Conference,Non-HBCU,Public,Research Universities,"Pullman, WA",www.wsu.edu,www.wsucougars.com
Rice University,Division I,Division I,DI FBS,Active Member,Conference USA,Conference USA,Non-HBCU,Private,Research Universities,"Houston, TX",www.rice.edu,www.riceowls.com
University of Texas at Austin,Division I,Division I,DI FBS,Active Member,Big 12 Conference,Big 12 Conference,Non-HBCU,Public,Research Universities,"Austin, TX",www.TexasSports.com,www.utexas.edu
University of Texas at San Antonio,Division I,Division I,DI FBS,Active Member,Conference USA,Conference USA,Non-HBCU,Public,Research Universities,"San Antonio, TX",www.goutsa.com,www.utsa.edu
Texas State University,Division I,Division I,DI FBS,Active Member,Sun Belt Conference,Sun Belt Conference,Non-HBCU,Public,Research Universities,"San Marcos, TX",www.txstate.edu/,www.txstatebobcats.com
University of Texas at El Paso,Division I,Division I,DI FBS,Active Member,Conference USA,Conference USA,Non-HBCU,Public,Research Universities,"El Paso, TX",www.utep.edu/,www.utepathletics.com
Kent State University,Division I,Division I,DI FBS,Active Member,Mid-American Conference,Mid-American Conference,Non-HBCU,Public,Research Universities,"Kent, OH",www.kent.edu/,www.kentstatesports.com
Georgia Southern University,Division I,Division I,DI FBS,Active Member,Sun Belt Conference,Sun Belt Conference,Non-HBCU,Public,Research Universities,"Statesboro, GA",www.georgiasouthern.edu,www.gseagles.com/
"University of Maine, Orono",Division I,Division I,DI FCS,Active Member,America East Conference,Colonial Athletic Association,Non-HBCU,Public,Research Universities,"Orono, ME",www.goblackbears.com,www.umaine.edu
University of New Hampshire,Division I,Division I,DI FCS,Active Member,America East Conference,Colonial Athletic Association,Non-HBCU,Public,Research Universities,"Durham, NH",www.unh.edu/,www.unhwildcats.com
Harvard University,Division I,Division I,DI FCS,Active Member,The Ivy League,The Ivy League,Non-HBCU,Private,Research Universities,"Boston, MA",www.gocrimson.com,www.harvard.edu
Brown University,Division I,Division I,DI FCS,Active Member,The Ivy League,The Ivy League,Non-HBCU,Private,Research Universities,"Providence, RI",brownbears.com,www.brown.edu
Bryant University,Division I,Division I,DI FCS,Active Member,Northeast Conference,Northeast Conference,Non-HBCU,Private,Master's Colleges & Universities,"Smithfield, RI",www.bryant.edu,www.bryantbulldogs.com
University of Rhode Island,Division I,Division I,DI FCS,Active Member,Atlantic 10 Conference,Colonial Athletic Association,Non-HBCU,Public,Research Universities,"Kingston, RI",www.gorhody.com,www.uri.edu
Dartmouth College,Division I,Division I,DI FCS,Active Member,The Ivy League,The Ivy League,Non-HBCU,Private,Research Universities,"Hanover, NH",www.dartmouth.edu,www.dartmouthsports.com
Central Connecticut State University,Division I,Division I,DI FCS,Active Member,Northeast Conference,Northeast Conference,Non-HBCU,Public,Master's Colleges & Universities,"New Britain, CT",ccsubluedevils.com,www.ccsu.edu
Yale University,Division I,Division I,DI FCS,Active Member,The Ivy League,The Ivy League,Non-HBCU,Private,Research Universities,"New Haven, CT",www.yale.edu/,www.yalebulldogs.com
Sacred Heart University,Division I,Division I,DI FCS,Active Member,Northeast Conference,Northeast Conference,Non-HBCU,Private,Research Universities,"Fairfield, CT",www.sacredheart.edu/,www.sacredheartpioneers.com/
Stony Brook University,Division I,Division I,DI FCS,Active Member,America East Conference,Colonial Athletic Association,Non-HBCU,Public,Research Universities,"Stony Brook, NY",www.stonybrook.edu,www.stonybrookathletics.com
University at Albany,Division I,Division I,DI FCS,Active Member,America East Conference,Colonial Athletic Association,Non-HBCU,Public,Research Universities,"Albany, NY",www.albany.edu,www.ualbanysports.com
Marist College,Division I,Division I,DI FCS,Active Member,Metro Atlantic Athletic Conference,Pioneer Football League,Non-HBCU,Private,Master's Colleges & Universities,"Poughkeepsie, NY",www.GoRedFoxes.com,www.marist.edu
Columbia University-Barnard College,Division I,Division I,DI FCS,Active Member,The Ivy League,The Ivy League,Non-HBCU,Private,Research Universities,"New York, NY",www.columbia.edu,www.gocolumbialions.com/
Wagner College,Division I,Division I,DI FCS,Active Member,Northeast Conference,Northeast Conference,Non-HBCU,Private,Master's Colleges & Universities,"Staten Island, NY",www.wagner.edu,www.wagnerathletics.com
Fordham University,Division I,Division I,DI FCS,Active Member,Atlantic 10 Conference,Patriot League,Non-HBCU,Private,Research Universities,"Bronx, NY",www.fordham.edu,www.fordhamsports.com
Monmouth University,Division I,Division I,DI FCS,Active Member,Metro Atlantic Athletic Conference,Big South Conference,Non-HBCU,Private,Master's Colleges & Universities,"West Long Branch, NJ",www.monmouth.edu/,www.monmouthhawks.com
Princeton University,Division I,Division I,DI FCS,Active Member,The Ivy League,The Ivy League,Non-HBCU,Private,Research Universities,"Princeton, NJ",www.goprincetontigers.com,www.princeton.edu
Colgate University,Division I,Division I,DI FCS,Active Member,Patriot League,Patriot League,Non-HBCU,Private,Baccalaureate Colleges,"Hamilton, NY",www.colgate.edu,www.gocolgateraiders.com
Cornell University,Division I,Division I,DI FCS,Active Member,The Ivy League,The Ivy League,Non-HBCU,Private,Research Universities,"Ithaca, NY",www.cornell.edu,www.cornellbigred.com
Lafayette College,Division I,Division I,DI FCS,Active Member,Patriot League,Patriot League,Non-HBCU,Private,Baccalaureate Colleges,"Easton, PA",www.goleopards.com,www.lafayette.edu
Lehigh University,Division I,Division I,DI FCS,Active Member,Patriot League,Patriot League,Non-HBCU,Private,Research Universities,"Bethlehem, PA",www.lehighsports.com/,www1.lehigh.edu/
Villanova University,Division I,Division I,DI FCS,Active Member,Big East Conference,Colonial Athletic Association,Non-HBCU,Private,Research Universities,"Villanova, PA",www.villanova.com,www.villanova.edu
University of Pennsylvania,Division I,Division I,DI FCS,Active Member,The Ivy League,The Ivy League,Non-HBCU,Private,Research Universities,"Philadelphia, PA",www.pennathletics.com,www.upenn.edu/
Delaware State University,Division I,Division I,DI FCS,Active Member,Mid-Eastern Athletic Conf.,Mid-Eastern Athletic Conf.,HBCU,Public,Research Universities,"Dover, DE",www.desu.edu,www.dsuhornets.com/
University of Delaware,Division I,Division I,DI FCS,Active Member,Colonial Athletic Association,Colonial Athletic Association,Non-HBCU,Public,Research Universities,"Newark, DE",www.bluehens.com,www.udel.edu
Bucknell University,Division I,Division I,DI FCS,Active Member,Patriot League,Patriot League,Non-HBCU,Private,Baccalaureate Colleges,"Lewisburg, PA",bucknell.edu,bucknellbison.com
Towson University,Division I,Division I,DI FCS,Active Member,Colonial Athletic Association,Colonial Athletic Association,Non-HBCU,Public,Research Universities,"Towson, MD",www.towson.edu,www.towsontigers.com
Morgan State University,Division I,Division I,DI FCS,Active Member,Mid-Eastern Athletic Conf.,Mid-Eastern Athletic Conf.,HBCU,Public,Research Universities,"Baltimore, MD",www.morgan.edu/,www.morganstatebears.com/
Georgetown University,Division I,Division I,DI FCS,Active Member,Big East Conference,Patriot League,Non-HBCU,Private,Research Universities,"Washington, DC",www.georgetown.edu,www.guhoyas.com
Hampton University,Division I,Division I,DI FCS,Active Member,Big South Conference,Big South Conference,HBCU,Private,Research Universities,"Hampton, VA",www.hamptonpirates.com,www.hamptonu.edu
William & Mary,Division I,Division I,DI FCS,Active Member,Colonial Athletic Association,Colonial Athletic Association,Non-HBCU,Public,Research Universities,"Williamsburg, VA",Tribeathletics.com,www.wm.edu/
University of Richmond,Division I,Division I,DI FCS,Active Member,Atlantic 10 Conference,Colonial Athletic Association,Non-HBCU,Private,Baccalaureate Colleges,"Richmond, VA",www.RichmondSpiders.com/,www.richmond.edu/
James Madison University,Division I,Division I,DI FCS,Active Member,Colonial Athletic Association,Colonial Athletic Association,Non-HBCU,Public,Master's Colleges & Universities,"Harrisonburg, VA",www.jmu.edu/,www.jmusports.com
Virginia Military Institute,Division I,Division I,DI FCS,Active Member,Southern Conference,Southern Conference,Non-HBCU,Public,Baccalaureate Colleges,"Lexington, VA",www.vmi.edu,www.vmikeydets.com
Duquesne University,Division I,Division I,DI FCS,Active Member,Atlantic 10 Conference,Northeast Conference,Non-HBCU,Private,Research Universities,"Pittsburgh, PA",www.GoDuquesne.com,www.duq.edu
Norfolk State University,Division I,Division I,DI FCS,Active Member,Mid-Eastern Athletic Conf.,Mid-Eastern Athletic Conf.,HBCU,Public,Master's Colleges & Universities,"Norfolk, VA",www.nsu.edu,www.nsuspartans.com
Davidson College,Division I,Division I,DI FCS,Active Member,Atlantic 10 Conference,Pioneer Football League,Non-HBCU,Private,Baccalaureate Colleges,"Davidson, NC",www.davidson.edu,www.davidsonwildcats.com
Morehead State University,Division I,Division I,DI FCS,Active Member,Ohio Valley Conference,Pioneer Football League,Non-HBCU,Public,Master's Colleges & Universities,"Morehead, KY",www.moreheadstate.edu,www.msueagles.com
Eastern Kentucky University,Division I,Division I,DI FCS,Active Member,Ohio Valley Conference,Ohio Valley Conference,Non-HBCU,Public,Master's Colleges & Universities,"Richmond, KY",www.eku.edu,www.ekusports.com
Saint Francis University (Pennsylvania),Division I,Division I,DI FCS,Active Member,Northeast Conference,Northeast Conference,Non-HBCU,Private,Master's Colleges & Universities,"Loretto, PA",www.francis.edu,www.sfuathletics.com
Tennessee Technological University,Division I,Division I,DI FCS,Active Member,Ohio Valley Conference,Ohio Valley Conference,Non-HBCU,Public,Research Universities,"Cookeville, TN",www.TTUsports.com/,www.tntech.edu/
Austin Peay State University,Division I,Division I,DI FCS,Active Member,Ohio Valley Conference,Ohio Valley Conference,Non-HBCU,Public,Master's Colleges & Universities,"Clarksville, TN",www.apsu.edu,www.apsu.edu/letsgopeay/
Murray State University,Division I,Division I,DI FCS,Active Member,Ohio Valley Conference,Ohio Valley Conference,Non-HBCU,Public,Master's Colleges & Universities,"Murray, KY",www.goracers.com,www.murraystate.edu/
University of Tennessee at Martin,Division I,Division I,DI FCS,Active Member,Ohio Valley Conference,Ohio Valley Conference,Non-HBCU,Public,Master's Colleges & Universities,"Martin, TN",www.utm.edu/,www.utmsports.com
North Carolina Central University,Division I,Division I,DI FCS,Active Member,Mid-Eastern Athletic Conf.,Mid-Eastern Athletic Conf.,HBCU,Public,Master's Colleges & Universities,"Durham, NC",www.nccu.edu/,www.nccueaglepride.com
Wofford College,Division I,Division I,DI FCS,Active Member,Southern Conference,Southern Conference,Non-HBCU,Private,Baccalaureate Colleges,"Spartanburg, SC",www.wofford.edu/,www.wofford.edu/athletics
Furman University,Division I,Division I,DI FCS,Active Member,Southern Conference,Southern Conference,Non-HBCU,Private,Baccalaureate Colleges,"Greenville, SC",www.furman.edu,www.furmanpaladins.com
Western Carolina University,Division I,Division I,DI FCS,Active Member,Southern Conference,Southern Conference,Non-HBCU,Public,Master's Colleges & Universities,"Cullowhee, NC",www.catamountsports.com,www.wcu.edu/
Elon University,Division I,Division I,DI FCS,Active Member,Colonial Athletic Association,Colonial Athletic Association,Non-HBCU,Private,Research Universities,"Elon, NC",www.elon.edu/,www.elonphoenix.com
North Carolina A&T State University,Division I,Division I,DI FCS,Active Member,Mid-Eastern Athletic Conf.,Mid-Eastern Athletic Conf.,HBCU,Public,Research Universities,"Greensboro, NC",www.ncat.edu,www.ncataggies.com
Campbell University,Division I,Division I,DI FCS,Active Member,Big South Conference,Big South Conference,Non-HBCU,Private,Research Universities,"Buies Creek, NC",www.campbell.edu,www.gocamels.com
Charleston Southern University,Division I,Division I,DI FCS,Active Member,Big South Conference,Big South Conference,Non-HBCU,Private,Master's Colleges & Universities,"Charleston, SC",www.csuniv.edu,www.csusports.com
The Citadel,Division I,Division I,DI FCS,Active Member,Southern Conference,Southern Conference,Non-HBCU,Public,Master's Colleges & Universities,"Charleston, SC",citadelsports.com,www.citadel.edu
Savannah State University,Division I,Division I,DI FCS,Reclass DI to DII,Southern Intercol. Ath. Conf.,Southern Intercol. Ath. Conf.,HBCU,Public,Master's Colleges & Universities,"Savannah, GA",ssuathletics.com/,www.savannahstate.edu
Jacksonville University,Division I,Division I,DI FCS,Active Member,ASUN Conference,Pioneer Football League,Non-HBCU,Private,Master's Colleges & Universities,"Jacksonville, FL",www.ju.edu,www.judolphins.com
Bethune-Cookman University,Division I,Division I,DI FCS,Active Member,Mid-Eastern Athletic Conf.,Mid-Eastern Athletic Conf.,HBCU,Private,Baccalaureate Colleges,"Daytona Beach, FL",www.bcuathletics.com,www.cookman.edu
Stetson University,Division I,Division I,DI FCS,Active Member,ASUN Conference,Pioneer Football League,Non-HBCU,Private,Master's Colleges & Universities,"DeLand, FL",www.gohatters.com,www.stetson.edu/
Florida A&M University,Division I,Division I,DI FCS,Active Member,Mid-Eastern Athletic Conf.,Mid-Eastern Athletic Conf.,HBCU,Public,Research Universities,"Tallahassee, FL",famuathletics.com/,www.famu.edu
Mercer University,Division I,Division I,DI FCS,Active Member,Southern Conference,Southern Conference,Non-HBCU,Private,Research Universities,"Macon, GA",www.mercerbears.com,www2.mercer.edu/default.htm
Kennesaw State University,Division I,Division I,DI FCS,Active Member,ASUN Conference,Big South Conference,Non-HBCU,Public,Research Universities,"Kennesaw, GA",www.kennesaw.edu/,www.ksuowls.com
University of Tennessee at Chattanooga,Division I,Division I,DI FCS,Active Member,Southern Conference,Southern Conference,Non-HBCU,Public,Research Universities,"Chattanooga, TN",www.gomocs.com,www.utc.edu
Jacksonville State University,Division I,Division I,DI FCS,Active Member,Ohio Valley Conference,Ohio Valley Conference,Non-HBCU,Public,Master's Colleges & Universities,"Jacksonville, AL",www.jsu.edu,www.jsugamecocksports.com
Samford University,Division I,Division I,DI FCS,Active Member,Southern Conference,Southern Conference,Non-HBCU,Private,Research Universities,"Birmingham, AL",samfordsports.com,www.samford.edu/
Alabama State University,Division I,Division I,DI FCS,Active Member,Southwestern Athletic Conf.,Southwestern Athletic Conf.,HBCU,Public,Master's Colleges & Universities,"Montgomery, AL",www.alasu.edu,www.bamastatesports.com
Robert Morris University,Division I,Division I,DI FCS,Active Member,Northeast Conference,Northeast Conference,Non-HBCU,Private,Research Universities,"Moon Township, PA",www.rmu.edu/,www.rmucolonials.com
East Tennessee State University,Division I,Division I,DI FCS,Active Member,Southern Conference,Southern Conference,Non-HBCU,Public,Research Universities,"Johnson City, TN",www.etsu.edu,www.etsubucs.com/
Gardner-Webb University,Division I,Division I,DI FCS,Active Member,Big South Conference,Big South Conference,Non-HBCU,Private,Research Universities,"Boiling Springs, NC",www.gardner-webb.edu,www.gwusports.com
Valparaiso University,Division I,Division I,DI FCS,Active Member,Missouri Valley Conference,Pioneer Football League,Non-HBCU,Private,Research Universities,"Valparaiso, IN",www.valpo.edu/,www.valpoathletics.com
Indiana State University,Division I,Division I,DI FCS,Active Member,Missouri Valley Conference,Missouri Valley Football Conference,Non-HBCU,Public,Research Universities,"Terre Haute, IN",www.gosycamores.com,www.indstate.edu
University of Dayton,Division I,Division I,DI FCS,Active Member,Atlantic 10 Conference,Pioneer Football League,Non-HBCU,Private,Research Universities,"Dayton, OH",www.daytonflyers.com,www.udayton.edu
Butler University,Division I,Division I,DI FCS,Active Member,Big East Conference,Pioneer Football League,Non-HBCU,Private,Master's Colleges & Universities,"Indianapolis, IN",www.butler.edu,www.butlersports.com
Youngstown State University,Division I,Division I,DI FCS,Active Member,Horizon League,Missouri Valley Football Conference,Non-HBCU,Public,Master's Colleges & Universities,"Youngstown, OH",www.ysu.edu/,www.ysusports.com
Alabama A&M University,Division I,Division I,DI FCS,Active Member,Southwestern Athletic Conf.,Southwestern Athletic Conf.,HBCU,Public,Master's Colleges & Universities,"Normal, AL",www.aamu.edu,www.aamusports.com/
Mississippi Valley State University,Division I,Division I,DI FCS,Active Member,Southwestern Athletic Conf.,Southwestern Athletic Conf.,HBCU,Public,Master's Colleges & Universities,"Itta Bena, MS",www.mvsu.edu,www.mvsusports.com
Jackson State University,Division I,Division I,DI FCS,Active Member,Southwestern Athletic Conf.,Southwestern Athletic Conf.,HBCU,Public,Research Universities,"Jackson, MS",www.jsums.edu/,www.jsutigers.com
Alcorn State University,Division I,Division I,DI FCS,Active Member,Southwestern Athletic Conf.,Southwestern Athletic Conf.,HBCU,Public,Master's Colleges & Universities,"Alcorn State, MS",www.alcorn.edu,www.alcornsports.com
Southeastern Louisiana University,Division I,Division I,DI FCS,Active Member,Southland Conference,Southland Conference,Non-HBCU,Public,Master's Colleges & Universities,"Hammond, LA",www.lionsports.net,www.selu.edu
Nicholls State University,Division I,Division I,DI FCS,Active Member,Southland Conference,Southland Conference,Non-HBCU,Public,Master's Colleges & Universities,"Thibodaux, LA",www.geauxcolonels.com,www.nicholls.edu/
"Southern University, Baton Rouge",Division I,Division I,DI FCS,Active Member,Southwestern Athletic Conf.,Southwestern Athletic Conf.,HBCU,Public,Master's Colleges & Universities,"Baton Rouge, LA",www.gojagsports.com,www.subr.edu
Grambling State University,Division I,Division I,DI FCS,Active Member,Southwestern Athletic Conf.,Southwestern Athletic Conf.,HBCU,Public,Master's Colleges & Universities,"Grambling, LA",www.gram.edu,www.gsutigers.com
Northwestern State University,Division I,Division I,DI FCS,Active Member,Southland Conference,Southland Conference,Non-HBCU,Public,Master's Colleges & Universities,"Natchitoches, LA",www.nsudemons.com,www.nsula.edu
"University of Arkansas, Pine Bluff",Division I,Division I,DI FCS,Active Member,Southwestern Athletic Conf.,Southwestern Athletic Conf.,HBCU,Public,Baccalaureate Colleges,"Pine Bluff, AR",www.uapb.edu,www.uapblionsroar.com
University of Central Arkansas,Division I,Division I,DI FCS,Active Member,Southland Conference,Southland Conference,Non-HBCU,Public,Research Universities,"Conway, AR",www.uca.edu,www.ucasports.com
Missouri State University,Division I,Division I,DI FCS,Active Member,Missouri Valley Conference,Missouri Valley Football Conference,Non-HBCU,Public,Research Universities,"Springfield, MO",www.missouristate.edu,www.missouristatebears.com
University of Northern Iowa,Division I,Division I,DI FCS,Active Member,Missouri Valley Conference,Missouri Valley Football Conference,Non-HBCU,Public,Master's Colleges & Universities,"Cedar Falls, IA",www.uni.edu/,www.unipanthers.com
Drake University,Division I,Division I,DI FCS,Active Member,Missouri Valley Conference,Pioneer Football League,Non-HBCU,Private,Research Universities,"Des Moines, IA",www.drake.edu,www.godrakebulldogs.com
University of South Dakota,Division I,Division I,DI FCS,Active Member,The Summit League,Missouri Valley Football Conference,Non-HBCU,Public,Research Universities,"Vermillion, SD",www.goyotes.com,www.usd.edu
South Dakota State University,Division I,Division I,DI FCS,Active Member,The Summit League,Missouri Valley Football Conference,Non-HBCU,Public,Research Universities,"Brookings, SD",www.gojacks.com,www.sdstate.edu
North Dakota State University,Division I,Division I,DI FCS,Active Member,The Summit League,Missouri Valley Football Conference,Non-HBCU,Public,Research Universities,"Fargo, ND",www.GoBison.com,www.ndsu.edu/
University of North Dakota,Division I,Division I,DI FCS,Active Member,The Summit League,Independent,Non-HBCU,Public,Research Universities,"Grand Forks, ND",www.und.edu/,www.undsports.com
Southern Illinois University at Carbondale,Division I,Division I,DI FCS,Active Member,Missouri Valley Conference,Missouri Valley Football Conference,Non-HBCU,Public,Research Universities,"Carbondale, IL",www.siuc.edu/,www.siusalukis.com/
Southeast Missouri State University,Division I,Division I,DI FCS,Active Member,Ohio Valley Conference,Ohio Valley Conference,Non-HBCU,Public,Master's Colleges & Universities,"Cape Girardeau, MO",www.GoSoutheast.com,www.semo.edu/
Tennessee State University,Division I,Division I,DI FCS,Active Member,Ohio Valley Conference,Ohio Valley Conference,HBCU,Public,Research Universities,"Nashville, TN",www.tnstate.edu/,www.tsutigers.com
Eastern Illinois University,Division I,Division I,DI FCS,Active Member,Ohio Valley Conference,Ohio Valley Conference,Non-HBCU,Public,Master's Colleges & Universities,"Charleston, IL",www.eiu.edu,www.eiupanthers.com
Illinois State University,Division I,Division I,DI FCS,Active Member,Missouri Valley Conference,Missouri Valley Football Conference,Non-HBCU,Public,Research Universities,"Normal, IL",goredbirds.com,www.ilstu.edu
Western Illinois University,Division I,Division I,DI FCS,Active Member,The Summit League,Missouri Valley Football Conference,Non-HBCU,Public,Master's Colleges & Universities,"Macomb, IL",www.goleathernecks.com,www.wiu.edu
Lamar University,Division I,Division I,DI FCS,Active Member,Southland Conference,Southland Conference,Non-HBCU,Public,Research Universities,"Beaumont, TX",www.lamar.edu/,www.lamarcardinals.com
Stephen F. Austin State University,Division I,Division I,DI FCS,Active Member,Southland Conference,Southland Conference,Non-HBCU,Public,Research Universities,"Nacogdoches, TX",sfajacks.cstv.com,www.sfasu.edu/
Texas Southern University,Division I,Division I,DI FCS,Active Member,Southwestern Athletic Conf.,Southwestern Athletic Conf.,HBCU,Public,Research Universities,"Houston, TX",www.tsu.edu/,www.tsusports.com
Houston Baptist University,Division I,Division I,DI FCS,Active Member,Southland Conference,Southland Conference,Non-HBCU,Private,Master's Colleges & Universities,"Houston, TX",www.hbu.edu/,www.hbuhuskies.com
Sam Houston State University,Division I,Division I,DI FCS,Active Member,Southland Conference,Southland Conference,Non-HBCU,Public,Research Universities,"Huntsville, TX",www.gobearkats.com,www.shsu.edu/
Prairie View A&M University,Division I,Division I,DI FCS,Active Member,Southwestern Athletic Conf.,Southwestern Athletic Conf.,HBCU,Public,Master's Colleges & Universities,"Prairie View, TX",www.pvamu.edu,www.pvpanthers.com
University of the Incarnate Word,Division I,Division I,DI FCS,Active Member,Southland Conference,Southland Conference,Non-HBCU,Private,Research Universities,"San Antonio, TX",www.uiw.edu,www.uiwtx.edu/athletics/index.htm
Abilene Christian University,Division I,Division I,DI FCS,Active Member,Southland Conference,Southland Conference,Non-HBCU,Private,Master's Colleges & Universities,"Abilene, TX",www.acu.edu,www.acusports.com
University of Montana,Division I,Division I,DI FCS,Active Member,Big Sky Conference,Big Sky Conference,Non-HBCU,Public,Research Universities,"Missoula, MT",www.gogriz.com,www.umt.edu/
Montana State University-Bozeman,Division I,Division I,DI FCS,Active Member,Big Sky Conference,Big Sky Conference,Non-HBCU,Public,Research Universities,"Bozeman, MT",www.montana.edu/,www.msubobcats.com
University of Idaho,Division I,Division I,DI FCS,Active Member,Big Sky Conference,Big Sky Conference,Non-HBCU,Public,Research Universities,"Moscow, ID",www.govandals.com,www.uidaho.edu/
Eastern Washington University,Division I,Division I,DI FCS,Active Member,Big Sky Conference,Big Sky Conference,Non-HBCU,Public,Master's Colleges & Universities,"Cheney, WA",goeags.com,www.ewu.edu/
Portland State University,Division I,Division I,DI FCS,Active Member,Big Sky Conference,Big Sky Conference,Non-HBCU,Public,Research Universities,"Portland, OR",www.goviks.com,www.pdx.edu/
Idaho State University,Division I,Division I,DI FCS,Active Member,Big Sky Conference,Big Sky Conference,Non-HBCU,Public,Research Universities,"Pocatello, ID",www.isu.edu,www.isubengals.com
Weber State University,Division I,Division I,DI FCS,Active Member,Big Sky Conference,Big Sky Conference,Non-HBCU,Public,Master's Colleges & Universities,"Ogden, UT",www.weber.edu,www.weberstatesports.com/
California Polytechnic State University,Division I,Division I,DI FCS,Active Member,Big West Conference,Big Sky Conference,Non-HBCU,Public,Master's Colleges & Universities,"San Luis Obispo, CA",gopoly.com,www.calpoly.edu
"California State University, Sacramento",Division I,Division I,DI FCS,Active Member,Big Sky Conference,Big Sky Conference,Non-HBCU,Public,Master's Colleges & Universities,"Sacramento, CA",www.csus.edu,www.hornetsports.com
"University of California, Davis",Division I,Division I,DI FCS,Active Member,Big West Conference,Big Sky Conference,Non-HBCU,Public,Research Universities,"Davis, CA",www.ucdavis.edu,www.ucdavisaggies.com
University of Northern Colorado,Division I,Division I,DI FCS,Active Member,Big Sky Conference,Big Sky Conference,Non-HBCU,Public,Research Universities,"Greeley, CO",www.uncbears.com,www.unco.edu
Southern Utah University,Division I,Division I,DI FCS,Active Member,Big Sky Conference,Big Sky Conference,Non-HBCU,Public,Master's Colleges & Universities,"Cedar City, UT",www.suu.edu,www.suutbirds.com
Northern Arizona University,Division I,Division I,DI FCS,Active Member,Big Sky Conference,Big Sky Conference,Non-HBCU,Public,Research Universities,"Flagstaff, AZ",www.nau.edu,www.nauathletics.com
University of San Diego,Division I,Division I,DI FCS,Active Member,West Coast Conference,Pioneer Football League,Non-HBCU,Private,Research Universities,"San Diego, CA",www.sandiego.edu,www.usdtoreros.com
