School Name,Primary Division,Sport Division,Subdivision,Membership Status,Primary Conference,Sport Conference,HBCU/Non-HBCU,Public/Private,Carnegie Classification,City/State ,Primary URL,Secondary URL,Primary Icon
University of Maine at Presque Isle,Division III,Division III,Non-DI,Active Member,North Atlantic Conference,North Atlantic Conference,Non-HBCU,Public,Baccalaureate Colleges,"Presque Isle, ME",owls.umpi.edu/landing/index,www.umpi.edu,1_1.thumbnail_default.jpg
Maine Maritime Academy,Division III,Division III,Non-DI,Active Member,North Atlantic Conference,North Atlantic Conference,Non-HBCU,Public,Baccalaureate Colleges,"Castine, ME",www.mainemaritime.edu/,www.marinersports.org,2_2.apple-touch-icon-180x180.png
Colby College,Division III,Division III,Non-DI,Active Member,New England Small College Athletic Conference,New England Small College Athletic Conference,Non-HBCU,Private,Baccalaureate Colleges,"Waterville, ME",www.colby.edu,www.colby.edu/athletics,3_3.site.png
"University of Maine, Farmington",Division III,Division III,Non-DI,Active Member,North Atlantic Conference,North Atlantic Conference,Non-HBCU,Public,Baccalaureate Colleges,"Farmington, ME",www.goUMFbeavers.com,www.umf.maine.edu/,4_4.thumbnail_default.jpg
Bates College,Division III,Division III,Non-DI,Active Member,New England Small College Athletic Conference,New England Small College Athletic Conference,Non-HBCU,Private,Baccalaureate Colleges,"Lewiston, ME",www.bates.edu,www.bates.edu/sport.xml,5_5.site.png
University of New England,Division III,Division III,Non-DI,Active Member,Commonwealth Coast Conference,Commonwealth Coast Conference,Non-HBCU,Private,Research Universities,"Biddeford, ME",athletics.une.edu,www.une.edu,6_6.site.png
University of Southern Maine,Division III,Division III,Non-DI,Active Member,Little East Conference,Little East Conference,Non-HBCU,Public,Master's Colleges & Universities,"Gorham, ME",www.southernmainehuskies.com,www.usm.maine.edu,7_7.thumbnail_default.jpg
Saint Joseph's College (Maine),Division III,Division III,Non-DI,Active Member,Great Northeast Athletic Conference,Great Northeast Athletic Conference,Non-HBCU,Private,Master's Colleges & Universities,"Standish, ME",www.gomonks.com,www.sjcme.edu,8_8.favicon-194x194.png
Husson University,Division III,Division III,Non-DI,Active Member,North Atlantic Conference,North Coast Athletic Conference,Non-HBCU,Private,Research Universities,"Bangor, ME",www.husson.edu,www.hussoneagles.com,9_9.thumbnail_default.jpg
"University of Maine, Orono",Division I,Division I,DI FCS,Active Member,America East Conference,America East Conference,Non-HBCU,Public,Research Universities,"Orono, ME",www.goblackbears.com,www.umaine.edu,10_10.site.png
Bowdoin College,Division III,Division III,Non-DI,Active Member,New England Small College Athletic Conference,New England Small College Athletic Conference,Non-HBCU,Private,Baccalaureate Colleges,"Brunswick, ME",www.bowdoin.edu,www.bowdoin.edu/athletics/,11_11.site.png
University of New Hampshire,Division I,Division I,DI FCS,Active Member,America East Conference,America East Conference,Non-HBCU,Public,Research Universities,"Durham, NH",www.unh.edu/,www.unhwildcats.com,12_12.favicon.ico
Southern New Hampshire University,Division II,Division II,Non-DI,Active Member,Northeast-10 Conference,Northeast-10 Conference,Non-HBCU,Private,Master's Colleges & Universities,"Manchester, NH",www.snhu.edu,www.snhupenmen.com,13_13.thumbnail_default.jpg
Saint Anselm College,Division II,Division II,Non-DI,Active Member,Northeast-10 Conference,Northeast-10 Conference,Non-HBCU,Private,Baccalaureate Colleges,"Manchester, NH",www.anselm.edu,www.saintanselmhawks.com,14_14.favicon-194x194.png
New England College,Division III,Division III,Non-DI,Active Member,New England Collegiate Conference,New England Collegiate Conference,Non-HBCU,Private,Master's Colleges & Universities,"Henniker, NH",athletics.nec.edu/,www.nec.edu/,15_15.favicon.ico
Plymouth State University,Division III,Division III,Non-DI,Active Member,Little East Conference,Little East Conference,Non-HBCU,Public,Master's Colleges & Universities,"Plymouth, NH",www.plymouth.edu/,www.plymouth.edu/athletic/,16_16.site.png
Colby-Sawyer College,Division III,Division III,Non-DI,Active Member,Great Northeast Athletic Conference,Great Northeast Athletic Conference,Non-HBCU,Private,Baccalaureate Colleges,"New London, NH",www.colby-sawyer.edu,www.colby-sawyerathletics.com/index.aspx,17_17.favicon.ico
Dartmouth College,Division I,Division I,DI FCS,Active Member,The Ivy League,The Ivy League,Non-HBCU,Private,Research Universities,"Hanover, NH",www.dartmouth.edu,www.dartmouthsports.com,18_18.site.png
Northern Vermont University-Lyndon,Division III,Division III,Non-DI,Active Member,North Atlantic Conference,North Atlantic Conference,Non-HBCU,Public,-2.0,"Lyndonville, VT",www.lyndonhornets.com,www.lyndonstate.edu,19_19.thumbnail_default.jpg
Northern Vermont University-Johnson,Division III,Division III,Non-DI,Active Member,North Atlantic Conference,North Atlantic Conference,Non-HBCU,Public,Master's Colleges & Universities,"Johnson, VT",athletics.jsc.edu,www.jsc.edu/,20_20.thumbnail_default.jpg
Norwich University,Division III,Division III,Non-DI,Active Member,Great Northeast Athletic Conference,Great Northeast Athletic Conference,Non-HBCU,Private,Master's Colleges & Universities,"Northfield, VT",www.norwich.edu,www.norwichathletics.com,21_21.thumbnail_default.jpg
Saint Michael's College,Division II,Division II,Non-DI,Active Member,Northeast-10 Conference,Northeast-10 Conference,Non-HBCU,Private,Baccalaureate Colleges,"Colchester, VT",www.smcathletics.com,www.smcvt.edu,22_22.thumbnail_default.jpg
University of Vermont,Division I,Division I,DI Subdivision,Active Member,America East Conference,America East Conference,Non-HBCU,Public,Research Universities,"Burlington, VT",www.uvm.edu/,www.uvmathletics.com,23_23.site.png
Middlebury College,Division III,Division III,Non-DI,Active Member,New England Small College Athletic Conference,New England Small College Athletic Conference,Non-HBCU,Private,Baccalaureate Colleges,"Middlebury, VT",www.middlebury.edu/,www.middlebury.edu/athletics,24_24.site.png
Castleton University,Division III,Division III,Non-DI,Active Member,Little East Conference,Little East Conference,Non-HBCU,Public,Baccalaureate Colleges,"Castleton, VT",www.castleton.edu,www.castletonsports.com/landing/index,25_25.favicon-194x194.png
Thomas College,Division III,Division III,Non-DI,Active Member,North Atlantic Conference,North Atlantic Conference,Non-HBCU,Private,Master's Colleges & Universities,"Waterville, ME",www.thomas.edu/,www.thomasathletics.com,26_26.site.png
Massachusetts College of Liberal Arts,Division III,Division III,Non-DI,Active Member,Massachusetts State Collegiate Athletic Conference,Massachusetts State Collegiate Athletic Conference,Non-HBCU,Public,Baccalaureate Colleges,"North Adams, MA",athletics.mcla.edu/,www.mcla.edu/,27_27.thumbnail_default.jpg
Keene State College,Division III,Division III,Non-DI,Active Member,Little East Conference,Little East Conference,Non-HBCU,Public,Baccalaureate Colleges,"Keene, NH",www.keene.edu,www.keeneowls.com,28_28.site.png
Franklin Pierce University,Division II,Division II,Non-DI,Active Member,Northeast-10 Conference,Northeast-10 Conference,Non-HBCU,Private,Master's Colleges & Universities,"Rindge, NH",athletics.franklinpierce.edu,www.franklinpierce.edu,29_29.favicon.ico
Rivier University,Division III,Division III,Non-DI,Active Member,Great Northeast Athletic Conference,Great Northeast Athletic Conference,Non-HBCU,Private,Master's Colleges & Universities,"Nashua, NH",www.rivier.edu,www.rivierathletics.com,30_30.thumbnail_default.jpg
Endicott College,Division III,Division III,Non-DI,Active Member,Commonwealth Coast Conference,Commonwealth Coast Conference,Non-HBCU,Private,Master's Colleges & Universities,"Beverly, MA",www.ecgulls.com,www.endicott.edu,31_31.thumbnail_default.jpg
Gordon College,Division III,Division III,Non-DI,Active Member,Commonwealth Coast Conference,Commonwealth Coast Conference,Non-HBCU,Private,Baccalaureate Colleges,"Wenham, MA",athletics.gordon.edu/index.aspx,www.gordon.edu,32_32.favicon.ico
University of Massachusetts Lowell,Division I,Division I,DI Subdivision,Active Member,America East Conference,America East Conference,Non-HBCU,Public,Research Universities,"Lowell, MA",www.goriverhawks.com,www.uml.edu/,33_33.site.png
Emmanuel College (Massachusetts),Division III,Division III,Non-DI,Active Member,Great Northeast Athletic Conference,Great Northeast Athletic Conference,Non-HBCU,Private,Baccalaureate Colleges,"Boston, MA",www.emmanuel.edu,www.goecsaints.com,34_34.thumbnail_default.jpg
Wentworth Institute of Technology,Division III,Division III,Non-DI,Active Member,Commonwealth Coast Conference,Commonwealth Coast Conference,Non-HBCU,Private,Master's Colleges & Universities,"Boston, MA",www.wentworthathletics.com,www.wit.edu,35_35.thumbnail_default.jpg
Massachusetts Institute of Technology,Division III,Division III,Non-DI,Active Member,New England Women's and Men's Athletic Conference,New England Women's and Men's Athletic Conference,Non-HBCU,Private,Research Universities,"Cambridge, MA",www.mitathletics.com,www.web.mit.edu,36_36.thumbnail_default.jpg
Harvard University,Division I,Division I,DI FCS,Active Member,The Ivy League,The Ivy League,Non-HBCU,Private,Research Universities,"Boston, MA",www.gocrimson.com,www.harvard.edu,37_37.site.png
Lesley University,Division III,Division III,Non-DI,Active Member,New England Collegiate Conference,New England Collegiate Conference,Non-HBCU,Private,Research Universities,"Cambridge, MA",athletics.lesley.edu,www.lesley.edu,38_38.thumbnail_default.jpg
Boston University,Division I,Division I,DI Subdivision,Active Member,Patriot League,Patriot League,Non-HBCU,Private,Research Universities,"Boston, MA",goterriers.com,www.bu.edu,39_39.site.png
Emerson College,Division III,Division III,Non-DI,Active Member,New England Women's and Men's Athletic Conference,New England Women's and Men's Athletic Conference,Non-HBCU,Private,Master's Colleges & Universities,"Boston, MA",www.emerson.edu,www.emersonlions.com,40_40.thumbnail_default.jpg
Simmons University,Division III,Division III,Non-DI,Active Member,Great Northeast Athletic Conference,Great Northeast Athletic Conference,Non-HBCU,Private,Research Universities,"Boston, MA",www.simmons.edu/,www.simmons.edu/athletics,41_41.favicon-194x194.png
Suffolk University,Division III,Division III,Non-DI,Active Member,Great Northeast Athletic Conference,Great Northeast Athletic Conference,Non-HBCU,Private,Master's Colleges & Universities,"Boston, MA",www.gosuffolkrams.com,www.suffolk.edu/,42_42.thumbnail_default.jpg
Northeastern University,Division I,Division I,DI Subdivision,Active Member,Colonial Athletic Association,Colonial Athletic Association,Non-HBCU,Private,Research Universities,"Boston, MA",www.gonu.com,www.northeastern.edu,43_43.site.png
Eastern Nazarene College,Division III,Division III,Non-DI,Active Member,New England Collegiate Conference,New England Collegiate Conference,Non-HBCU,Private,Baccalaureate Colleges,"Quincy, MA",www.enc.edu,www.enc.edu/athletics,45_45.thumbnail_default.jpg
Curry College,Division III,Division III,Non-DI,Active Member,Commonwealth Coast Conference,Commonwealth Coast Conference,Non-HBCU,Private,Master's Colleges & Universities,"Milton, MA",www.curry.edu,www.curryathletics.com,46_46.thumbnail_default.jpg
Dean College,Division III,Division III,Non-DI,Provisional Member,New England Collegiate Conference,New England Collegiate Conference,Non-HBCU,Private,Baccalaureate Colleges,"Franklin, MA",www.dean.edu,www.deanbulldogs.com,47_47.favicon-194x194.png
Boston College,Division I,Division I,DI FBS,Active Member,Atlantic Coast Conference,Atlantic Coast Conference,Non-HBCU,Private,Research Universities,"Chestnut Hill, MA",www.bc.edu,www.bceagles.com,48_48.site.png
Babson College,Division III,Division III,Non-DI,Active Member,New England Women's and Men's Athletic Conference,New England Women's and Men's Athletic Conference,Non-HBCU,Private,Special Focus Schools,"Babson Park, MA",www.babson.edu,www.babsonathletics.com,49_49.thumbnail_default.jpg
Bentley University,Division II,Division II,Non-DI,Active Member,Northeast-10 Conference,Northeast-10 Conference,Non-HBCU,Private,Master's Colleges & Universities,"Waltham, MA",www.bentley.edu,www.bentley.edu/athletics,50_50.favicon-194x194.png
Brandeis University,Division III,Division III,Non-DI,Active Member,University Athletic Association,University Athletic Association,Non-HBCU,Private,Research Universities,"Waltham, MA",www.brandeis.edu,www.brandeisjudges.com,51_51.thumbnail_default.jpg
Lasell University,Division III,Division III,Non-DI,Active Member,Great Northeast Athletic Conference,Great Northeast Athletic Conference,Non-HBCU,Private,Master's Colleges & Universities,"Newton, MA",laserpride.lasell.edu,www.lasell.edu,52_52.apple-touch-icon-180x180.png
Wellesley College,Division III,Division III,Non-DI,Active Member,New England Women's and Men's Athletic Conference,New England Women's and Men's Athletic Conference,Non-HBCU,Private,Baccalaureate Colleges,"Wellesley, MA",www.wellesley.edu,www.wellesleyblue.com,53_53.thumbnail_default.jpg
Regis College (Massachusetts),Division III,Division III,Non-DI,Active Member,Great Northeast Athletic Conference,Great Northeast Athletic Conference,Non-HBCU,Private,Special Focus Schools,"Weston, MA",www.goregispride.com,www.regiscollege.edu/,54_54.thumbnail_default.jpg
Merrimack College,Division II,Division II,Non-DI,II Reclassifying to I (B20.5.2.1),Northeast Conference,Northeast Conference,Non-HBCU,Private,Master's Colleges & Universities,"North Andover, MA",www.merrimack.edu,www.merrimackathletics.com,55_55.favicon.ico
Framingham State University,Division III,Division III,Non-DI,Active Member,Massachusetts State Collegiate Athletic Conference,Massachusetts State Collegiate Athletic Conference,Non-HBCU,Public,Master's Colleges & Universities,"Framingham, MA",www.framingham.edu,www.fsurams.com,56_56.thumbnail_default.jpg
Fitchburg State University,Division III,Division III,Non-DI,Active Member,Massachusetts State Collegiate Athletic Conference,Massachusetts State Collegiate Athletic Conference,Non-HBCU,Public,Master's Colleges & Universities,"Fitchburg, MA",www.fitchburgfalcons.com,www.fitchburgstate.edu,57_57.thumbnail_default.jpg
Clark University (Massachusetts),Division III,Division III,Non-DI,Active Member,New England Women's and Men's Athletic Conference,New England Women's and Men's Athletic Conference,Non-HBCU,Private,Research Universities,"Worcester, MA",www.clarku.edu,www.clarku.edu/departments/athletics,
Worcester Polytechnic Institute,Division III,Division III,Non-DI,Active Member,New England Women's and Men's Athletic Conference,New England Women's and Men's Athletic Conference,Non-HBCU,Private,Research Universities,"Worcester, MA",www.wpi.edu/,www.wpi.edu/athletics,
Becker College,Division III,Division III,Non-DI,Active Member,New England Collegiate Conference,New England Collegiate Conference,Non-HBCU,Private,Baccalaureate Colleges,"Worcester, MA",www.becker.edu,www.beckerhawks.com,60_60.thumbnail_default.jpg
Assumption College,Division II,Division II,Non-DI,Active Member,Northeast-10 Conference,Northeast-10 Conference,Non-HBCU,Private,Master's Colleges & Universities,"Worcester, MA",www.assumption.edu,www.assumptiongreyhounds.com,61_61.thumbnail_default.jpg
Worcester State University,Division III,Division III,Non-DI,Active Member,Massachusetts State Collegiate Athletic Conference,Massachusetts State Collegiate Athletic Conference,Non-HBCU,Public,Master's Colleges & Universities,"Worcester, MA",www.worcester.edu/,www.wsulancers.com,62_62.thumbnail_default.jpg
Anna Maria College,Division III,Division III,Non-DI,Active Member,Great Northeast Athletic Conference,Great Northeast Athletic Conference,Non-HBCU,Private,Master's Colleges & Universities,"Paxton, MA",www.annamaria.edu,www.annamaria.edu/athletics/,
College of the Holy Cross,Division I,Division I,DI FCS,Active Member,Patriot League,Patriot League,Non-HBCU,Private,Baccalaureate Colleges,"Worcester, MA",www.goholycross.com,www.holycross.edu,64_64.site.png
Amherst College,Division III,Division III,Non-DI,Active Member,New England Small College Athletic Conference,New England Small College Athletic Conference,Non-HBCU,Private,Baccalaureate Colleges,"Amherst, MA",www.amherst.edu,www.athletics.amherst.edu/landing/index,65_65.favicon.ico
"University of Massachusetts, Amherst",Division I,Division I,DI FBS,Active Member,Atlantic 10 Conference,Atlantic 10 Conference,Non-HBCU,Public,Research Universities,"Amherst, MA",www.umass.edu/,www.umassathletics.com,66_66.favicon.ico
Elms College,Division III,Division III,Non-DI,Active Member,New England Collegiate Conference,New England Collegiate Conference,Non-HBCU,Private,Master's Colleges & Universities,"Chicopee, MA",ecblazers.com,www.elms.edu,67_67.thumbnail_default.jpg
Western New England University,Division III,Division III,Non-DI,Active Member,Commonwealth Coast Conference,Commonwealth Coast Conference,Non-HBCU,Private,Research Universities,"Springfield, MA",www.wne.edu/,www.wnegoldenbears.com,68_68.thumbnail_default.jpg
Springfield College,Division III,Division III,Non-DI,Active Member,New England Women's and Men's Athletic Conference,New England Women's and Men's Athletic Conference,Non-HBCU,Private,Master's Colleges & Universities,"Springfield, MA",www.springfieldcollege.edu/,www.springfieldcollege.edu/homepage/athletics.nsf/hom,69_69.thumbnail_default.jpg
American International College,Division II,Division II,Non-DI,Active Member,Northeast-10 Conference,Northeast-10 Conference,Non-HBCU,Private,Master's Colleges & Universities,"Springfield, MA",www.aic.edu,www.aicyellowjackets.com,70_70.site.png
Bay Path University,Division III,Division III,Non-DI,Active Member,New England Collegiate Conference,New England Collegiate Conference,Non-HBCU,Private,Master's Colleges & Universities,"Longmeadow, MA",www.baypath.edu,www.baypath.edu/athletics,71_71.thumbnail_default.jpg
Nichols College,Division III,Division III,Non-DI,Active Member,Commonwealth Coast Conference,Commonwealth Coast Conference,Non-HBCU,Private,Special Focus Schools,"Dudley, MA",www.nichols.edu,www.nicholsathletics.com,72_72.site.png
Salem State University,Division III,Division III,Non-DI,Active Member,Massachusetts State Collegiate Athletic Conference,Massachusetts State Collegiate Athletic Conference,Non-HBCU,Public,Master's Colleges & Universities,"Salem, MA",www.salemstate.edu,www.salemstatevikings.com,73_73.thumbnail_default.jpg
Stonehill College,Division II,Division II,Non-DI,Active Member,Northeast-10 Conference,Northeast-10 Conference,Non-HBCU,Private,Baccalaureate Colleges,"Easton, MA",www.stonehill.edu/,www.stonehillskyhawks.com,74_74.thumbnail_default.jpg
Wheaton College (Massachusetts),Division III,Division III,Non-DI,Active Member,New England Women's and Men's Athletic Conference,New England Women's and Men's Athletic Conference,Non-HBCU,Private,Baccalaureate Colleges,"Norton, MA",athletics.wheatoncollege.edu/,www.wheatoncollege.edu/,75_75.favicon-194x194.png
Bridgewater State University,Division III,Division III,Non-DI,Active Member,Massachusetts State Collegiate Athletic Conference,Massachusetts State Collegiate Athletic Conference,Non-HBCU,Public,Master's Colleges & Universities,"Bridgewater, MA",www.bridgew.edu,www.bsubears.com,76_76.thumbnail_default.jpg
Massachusetts Maritime Academy,Division III,Division III,Non-DI,Active Member,Massachusetts State Collegiate Athletic Conference,Massachusetts State Collegiate Athletic Conference,Non-HBCU,Public,Baccalaureate Colleges,"Buzzards Bay, MA",www.maritime.edu,www.mmabucs.com,77_77.thumbnail_default.jpg
"University of Massachusetts, Dartmouth",Division III,Division III,Non-DI,Active Member,Little East Conference,Little East Conference,Non-HBCU,Public,Research Universities,"North Dartmouth, MA",www.corsairathletics.com,www.umassd.edu,78_78.favicon.ico
University of Massachusetts Boston,Division III,Division III,Non-DI,Active Member,Little East Conference,Little East Conference,Non-HBCU,Public,Research Universities,"Boston, MA",www.beaconsathletics.com,www.umb.edu/,79_79.site.png
Mount Holyoke College,Division III,Division III,Non-DI,Active Member,New England Women's and Men's Athletic Conference,New England Women's and Men's Athletic Conference,Non-HBCU,Private,Baccalaureate Colleges,"South Hadley, MA",www.mtholyoke.edu/,www.mtholyoke.edu/athletics,80_80.thumbnail_default.jpg
Williams College,Division III,Division III,Non-DI,Active Member,New England Small College Athletic Conference,New England Small College Athletic Conference,Non-HBCU,Private,Baccalaureate Colleges,"Williamstown, MA",athletics.williams.edu/landing/index,www.williams.edu/,81_81.favicon-194x194.png
Brown University,Division I,Division I,DI FCS,Active Member,The Ivy League,The Ivy League,Non-HBCU,Private,Research Universities,"Providence, RI",brownbears.com,www.brown.edu,82_82.site.png
Johnson & Wales University (Providence),Division III,Division III,Non-DI,Active Member,Great Northeast Athletic Conference,Great Northeast Athletic Conference,Non-HBCU,Private,Master's Colleges & Universities,"Providence, RI",www.jwu.edu,www.jwuathletics.com,83_83.thumbnail_default.jpg
Rhode Island College,Division III,Division III,Non-DI,Active Member,Little East Conference,Little East Conference,Non-HBCU,Public,Master's Colleges & Universities,"Providence, RI",www.goanchormen.com,www.ric.edu,84_84.thumbnail_default.jpg
Providence College,Division I,Division I,DI Subdivision,Active Member,Big East Conference,Big East Conference,Non-HBCU,Private,Master's Colleges & Universities,"Providence, RI",www.friars.com,www.providence.edu/,85_85.site.png
Roger Williams University,Division III,Division III,Non-DI,Active Member,Commonwealth Coast Conference,Commonwealth Coast Conference,Non-HBCU,Private,Master's Colleges & Universities,"Bristol, RI",www.rwu.edu/,www.rwuhawks.com,86_86.favicon.ico
Salve Regina University,Division III,Division III,Non-DI,Active Member,Commonwealth Coast Conference,Commonwealth Coast Conference,Non-HBCU,Private,Master's Colleges & Universities,"Newport, RI",www.salve.edu,www.salveathletics.com,87_87.thumbnail_default.jpg
University of Rhode Island,Division I,Division I,DI FCS,Active Member,Atlantic 10 Conference,Atlantic 10 Conference,Non-HBCU,Public,Research Universities,"Kingston, RI",www.gorhody.com,www.uri.edu,88_88.site.png
U.S. Coast Guard Academy,Division III,Division III,Non-DI,Active Member,New England Women's and Men's Athletic Conference,New England Women's and Men's Athletic Conference,Non-HBCU,Public,Baccalaureate Colleges,"New London, CT",www.cgasports.com,www.uscga.edu/,89_89.thumbnail_default.jpg
Mitchell College,Division III,Division III,Non-DI,Active Member,New England Collegiate Conference,New England Collegiate Conference,Non-HBCU,Private,Baccalaureate Colleges,"New London, CT",www.mitchell.edu,www.mitchellathletics.com,90_90.favicon-194x194.png
Eastern Connecticut State University,Division III,Division III,Non-DI,Active Member,Little East Conference,Little East Conference,Non-HBCU,Public,Master's Colleges & Universities,"Willimantic, CT",gowarriorathletics.com,www.easternct.edu,92_92.site.png
University of Connecticut,Division I,Division I,DI FBS,Active Member,American Athletic Conference,American Athletic Conference,Non-HBCU,Public,Research Universities,"Storrs, CT",www.uconn.edu,www.uconnhuskies.com,93_93.site.png
Wesleyan University (Connecticut),Division III,Division III,Non-DI,Active Member,New England Small College Athletic Conference,New England Small College Athletic Conference,Non-HBCU,Private,Baccalaureate Colleges,"Middletown, CT",www.wesleyan.edu/,www.wesleyan.edu/athletics,
Trinity College (Connecticut),Division III,Division III,Non-DI,Active Member,New England Small College Athletic Conference,New England Small College Athletic Conference,Non-HBCU,Private,Baccalaureate Colleges,"Hartford, CT",www.bantamsports.com,www.trincoll.edu,
University of Hartford,Division I,Division I,DI Subdivision,Active Member,America East Conference,America East Conference,Non-HBCU,Private,Research Universities,"West Hartford, CT",www.hartford.edu,www.hartfordhawks.com,
University of St. Joseph (Connecticut),Division III,Division III,Non-DI,Active Member,Great Northeast Athletic Conference,Great Northeast Athletic Conference,Non-HBCU,Private,Research Universities,"West Hartford, CT",www.usj.edu,www.usjbluejays.com,
Central Connecticut State University,Division I,Division I,DI FCS,Active Member,Northeast Conference,Northeast Conference,Non-HBCU,Public,Master's Colleges & Universities,"New Britain, CT",ccsubluedevils.com,www.ccsu.edu,
Quinnipiac University,Division I,Division I,DI Subdivision,Active Member,Metro Atlantic Athletic Conference,Metro Atlantic Athletic Conference,Non-HBCU,Private,Research Universities,"Hamden, CT",www.quinnipiac.edu,www.quinnipiacbobcats.com,99_99.site.png
Albertus Magnus College,Division III,Division III,Non-DI,Active Member,Great Northeast Athletic Conference,Great Northeast Athletic Conference,Non-HBCU,Private,Master's Colleges & Universities,"New Haven, CT",www.albertus.edu,www.albertusfalcons.com,100_100.favicon-194x194.png
University of New Haven,Division II,Division II,Non-DI,Active Member,Northeast-10 Conference,Northeast-10 Conference,Non-HBCU,Private,Master's Colleges & Universities,"West Haven, CT",www.newhaven.edu/,www.newhavenchargers.com,101_101.favicon.ico
Southern Connecticut State University,Division II,Division II,Non-DI,Active Member,Northeast-10 Conference,Northeast-10 Conference,Non-HBCU,Public,Master's Colleges & Universities,"New Haven, CT",www.southernct.edu/,www.southernctowls.com,102_102.favicon.ico
Post University,Division II,Division II,Non-DI,Active Member,Central Atlantic Collegiate Conference,Central Atlantic Collegiate Conference,Non-HBCU,Private,Master's Colleges & Universities,"Waterbury, CT",www.post.edu,www.posteagles.com,103_103.site.png
University of Bridgeport,Division II,Division II,Non-DI,Active Member,East Coast Conference,East Coast Conference,Non-HBCU,Private,Research Universities,"Bridgeport, CT",www.bridgeport.edu,www.ubknights.com,104_104.thumbnail_default.jpg
Sacred Heart University,Division I,Division I,DI FCS,Active Member,Northeast Conference,Northeast Conference,Non-HBCU,Private,Research Universities,"Fairfield, CT",www.sacredheart.edu/,www.sacredheartpioneers.com/,105_105.thumbnail_default.jpg
Fairfield University,Division I,Division I,DI Subdivision,Active Member,Metro Atlantic Athletic Conference,Metro Atlantic Athletic Conference,Non-HBCU,Private,Master's Colleges & Universities,"Fairfield, CT",fairfield.edu,fairfieldstags.com,106_106.site.png
Western Connecticut State University,Division III,Division III,Non-DI,Active Member,Little East Conference,Little East Conference,Non-HBCU,Public,Master's Colleges & Universities,"Danbury, CT",www.wcsu.edu/,www.wcsuathletics.com,107_107.site.png
"Purchase College, State University of New York",Division III,Division III,Non-DI,Active Member,Skyline Conference,Skyline Conference,Non-HBCU,Public,Baccalaureate Colleges,"Purchase, NY",www.purchase.edu,www.purchasecollegeathletics.com,108_108.site.png
Concordia College (New York),Division II,Division II,Non-DI,Active Member,Central Atlantic Collegiate Conference,Central Atlantic Collegiate Conference,Non-HBCU,Private,Master's Colleges & Universities,"Bronxville, NY",www.concordia-ny.edu,www.concordiaClippers.com,109_109.favicon.ico
Iona College,Division I,Division I,DI Subdivision,Active Member,Metro Atlantic Athletic Conference,Metro Atlantic Athletic Conference,Non-HBCU,Private,Master's Colleges & Universities,"New Rochelle, NY",www.icgaels.com,www.iona.edu,110_110.favicon.ico
Sarah Lawrence College,Division III,Division III,Non-DI,Active Member,Skyline Conference,Skyline Conference,Non-HBCU,Private,Baccalaureate Colleges,"Bronxville, NY",www.gogryphons.com,www.sarahlawrence.edu,111_111.site.png
Manhattanville College,Division III,Division III,Non-DI,Active Member,Skyline Conference,Skyline Conference,Non-HBCU,Private,Master's Colleges & Universities,"Purchase, NY",www.govaliants.com,www.mville.edu,112_112.site.png
Mercy College,Division II,Division II,Non-DI,Active Member,East Coast Conference,East Coast Conference,Non-HBCU,Private,Master's Colleges & Universities,"Dobbs Ferry, NY",www.mercy.edu,www.mercyathletics.com,113_113.site.png
St. Thomas Aquinas College,Division II,Division II,Non-DI,Active Member,East Coast Conference,East Coast Conference,Non-HBCU,Private,Master's Colleges & Universities,"Sparkill, NY",www.stac.edu/,www.stacathletics.com,114_114.thumbnail_default.jpg
Dominican College (New York),Division II,Division II,Non-DI,Active Member,Central Atlantic Collegiate Conference,Central Atlantic Collegiate Conference,Non-HBCU,Private,Master's Colleges & Universities,"Orangeburg, NY",www.chargerathletics.com,www.dc.edu,115_115.thumbnail_default.jpg
Ramapo College,Division III,Division III,Non-DI,Active Member,New Jersey Athletic Conference,New Jersey Athletic Conference,Non-HBCU,Public,Master's Colleges & Universities,"Mahwah, NJ",www.ramapo.edu,www.ramapoathletics.edu,116_116.favicon-160x160.png
College of Mount Saint Vincent,Division III,Division III,Non-DI,Active Member,Skyline Conference,Skyline Conference,Non-HBCU,Private,Master's Colleges & Universities,"Bronx, NY",cmsvathletics.com/,www.mountsaintvincent.edu,117_117.site.png
Centenary University (New Jersey),Division III,Division III,Non-DI,Active Member,Colonial States Athletic Conference,Colonial States Athletic Conference,Non-HBCU,Private,Master's Colleges & Universities,"Hackettstown, NJ",www.centenarycollege.edu,www.centenarycyclones.com,118_118.favicon.ico
Caldwell University,Division II,Division II,Non-DI,Active Member,Central Atlantic Collegiate Conference,Central Atlantic Collegiate Conference,Non-HBCU,Private,Master's Colleges & Universities,"Caldwell, NJ",www.caldwell.edu/,www.caldwellathletics.com,119_119.site.png
Montclair State University,Division III,Division III,Non-DI,Active Member,New Jersey Athletic Conference,New Jersey Athletic Conference,Non-HBCU,Public,Research Universities,"Montclair, NJ",www.montclair.edu/,www.montclairathletics.com,120_120.favicon.ico
Felician University,Division II,Division II,Non-DI,Active Member,Central Atlantic Collegiate Conference,Central Atlantic Collegiate Conference,Non-HBCU,Private,Master's Colleges & Universities,"Rutherford, NJ",www.felician.edu,www.felicianathletics.com,121_121.thumbnail_default.jpg
State University of New York Maritime College,Division III,Division III,Non-DI,Active Member,Skyline Conference,Skyline Conference,Non-HBCU,Public,Master's Colleges & Universities,"Throggs Neck, NY",www.maritimeathletics.com,www.sunymaritime.edu/,122_122.site.png
Manhattan College,Division I,Division I,DI Subdivision,Active Member,Metro Atlantic Athletic Conference,Metro Atlantic Athletic Conference,Non-HBCU,Private,Master's Colleges & Universities,"Riverdale, NY",www.gojaspers.com,www.manhattan.edu,
Fordham University,Division I,Division I,DI FCS,Active Member,Atlantic 10 Conference,Atlantic 10 Conference,Non-HBCU,Private,Research Universities,"Bronx, NY",www.fordham.edu,www.fordhamsports.com,
Lehman College,Division III,Division III,Non-DI,Active Member,City University of New York Athletic Conference,City University of New York Athletic Conference,Non-HBCU,Public,Master's Colleges & Universities,"Bronx, NY",www.lehman.edu,www.lehmanathletics.com,
"Fairleigh Dickinson University, Metropolitan Campus",Division I,Division I,DI Subdivision,Active Member,Northeast Conference,Northeast Conference,Non-HBCU,Private,Master's Colleges & Universities,"Teaneck, NJ",www.fdu.edu,www.fduknights.com,
William Paterson University of New Jersey,Division III,Division III,Non-DI,Active Member,New Jersey Athletic Conference,New Jersey Athletic Conference,Non-HBCU,Public,Master's Colleges & Universities,"Wayne, NJ",www.wpunj.edu,www.wpupioneers.com,
Yeshiva University,Division III,Division III,Non-DI,Active Member,Skyline Conference,Skyline Conference,Non-HBCU,Private,Research Universities,"New York, NY",www.yu.edu/,www.yumacs.com,
The City College of New York,Division III,Division III,Non-DI,Active Member,City University of New York Athletic Conference,City University of New York Athletic Conference,Non-HBCU,Public,Research Universities,"New York, NY",www.ccny.cuny.edu,www.ccnyathletics.com,129_129.site.png
Columbia University-Barnard College,Division I,Division I,DI FCS,Active Member,The Ivy League,The Ivy League,Non-HBCU,Private,Research Universities,"New York, NY",www.columbia.edu,www.gocolumbialions.com/,130_130.site.png
Brooklyn College,Division III,Division III,Non-DI,Active Member,City University of New York Athletic Conference,City University of New York Athletic Conference,Non-HBCU,Public,Master's Colleges & Universities,"Brooklyn, NY",brooklyncollegeathletics.com,www.brooklyn.cuny.edu,131_131.site.png
Medgar Evers College,Division III,Division III,Non-DI,Active Member,City University of New York Athletic Conference,City University of New York Athletic Conference,Non-HBCU,Public,Baccalaureate Colleges,"Brooklyn, NY",www.mec.cuny.edu,www.mecathletics.com,132_132.site.png
St. Joseph's College (Brooklyn),Division III,Division III,Non-DI,Active Member,Skyline Conference,Skyline Conference,Non-HBCU,Private,Master's Colleges & Universities,"Brooklyn, NY",www.sjcbears.com,www.sjcny.edu/,133_133.Bears-Gray-For-Email.jpg
St. Francis College Brooklyn,Division I,Division I,DI Subdivision,Active Member,Northeast Conference,Northeast Conference,Non-HBCU,Private,Baccalaureate Colleges,"Brooklyn Heights, NY",www.sfc.edu,www.sfcathletics.com,134_134.site.png
Long Island University,Division I,Division I,DI FCS,Active Member,Northeast Conference,Northeast Conference,Non-HBCU,Private,-2.0,"Brookville, NY",www.brooklyn.liu.edu,www.liuathletics.com,135_135.site.png
John Jay College of Criminal Justice,Division III,Division III,Non-DI,Active Member,City University of New York Athletic Conference,City University of New York Athletic Conference,Non-HBCU,Public,Master's Colleges & Universities,"New York, NY",www.jjay.cuny.edu/,www.johnjayathletics.com,136_136.site.png
New York University,Division III,Division III,Non-DI,Active Member,University Athletic Association,University Athletic Association,Non-HBCU,Private,Research Universities,"New York, NY",www.gonyuathletics.com,www.nyu.edu/,137_137.site.png
Stevens Institute of Technology,Division III,Division III,Non-DI,Active Member,Middle Atlantic Conferences,Middle Atlantic Conference Freedom,Non-HBCU,Private,Research Universities,"Hoboken, NJ",www.stevens.edu,www.stevensducks.com,138_138.favicon.ico
Saint Peter's University,Division I,Division I,DI Subdivision,Active Member,Metro Atlantic Athletic Conference,Metro Atlantic Athletic Conference,Non-HBCU,Private,Master's Colleges & Universities,"Jersey City, NJ",www.saintpeters.edu.,www.saintpeterspeacocks.com,139_139.android-chrome-192x192.png
New Jersey City University,Division III,Division III,Non-DI,Active Member,New Jersey Athletic Conference,New Jersey Athletic Conference,Non-HBCU,Public,Master's Colleges & Universities,"Jersey City, NJ",www.njcu.edu,www.njcugothicknights.com,140_140.site.png
Wagner College,Division I,Division I,DI FCS,Active Member,Northeast Conference,Northeast Conference,Non-HBCU,Private,Master's Colleges & Universities,"Staten Island, NY",www.wagner.edu,www.wagnerathletics.com,141_141.favicon.ico
College of Staten Island,Division III,Division III,Non-DI,Reclass DIII to DII (B20.6.3.1),City University of New York Athletic Conference,City University of New York Athletic Conference,Non-HBCU,Public,Master's Colleges & Universities,"Staten Island, NY",www.csi.cuny.edu,www.csidolphins.com,142_142.site.png
"Rutgers, The State Univ. of New Jersey, Newark",Division III,Division III,Non-DI,Active Member,New Jersey Athletic Conference,New Jersey Athletic Conference,Non-HBCU,Public,Research Universities,"Newark, NJ",www.newark.rutgers.edu,www.rutgersnewarkathletics.com,143_143.site.png
New Jersey Institute of Technology,Division I,Division I,DI Subdivision,Active Member,ASUN Conference,ASUN Conference,Non-HBCU,Public,Research Universities,"Newark, NJ",www.njit.edu/,www.njithighlanders.com,144_144.favicon.ico
Seton Hall University,Division I,Division I,DI Subdivision,Active Member,Big East Conference,Big East Conference,Non-HBCU,Private,Research Universities,"South Orange, NJ",www.shu.edu,www.shupirates.com,145_145.site.png
Kean University,Division III,Division III,Non-DI,Active Member,New Jersey Athletic Conference,New Jersey Athletic Conference,Non-HBCU,Public,Master's Colleges & Universities,"Union, NJ",www.kean.edu,www.keanathletics.com,146_146.site.png
Drew University,Division III,Division III,Non-DI,Active Member,Landmark Conference,Landmark Conference,Non-HBCU,Private,Baccalaureate Colleges,"Madison, NJ",www.drew.edu,www.drewrangers.com/,147_147.site.png
"Fairleigh Dickinson University, Florham",Division III,Division III,Non-DI,Active Member,Middle Atlantic Conferences,Middle Atlantic Conference Freedom,Non-HBCU,Private,Master's Colleges & Universities,"Madison, NJ",fdudevils.com/index.aspx,www.view2.fdu.edu/campuses-and-centers/florham-campus/,148_148.favicon.ico
College of Saint Elizabeth,Division III,Division III,Non-DI,Active Member,Colonial States Athletic Conference,Colonial States Athletic Conference,Non-HBCU,Private,Master's Colleges & Universities,"Morristown, NJ",www.cse.edu/,www.cseathletics.com,149_149.favicon.ico
St. Joseph's College (Long Island),Division III,Division III,Non-DI,Active Member,Skyline Conference,Skyline Conference,Non-HBCU,Private,Master's Colleges & Universities,"Patchogue, NY",www.goldeneagles.com,www.sjcny.edu/,150_150.android-icon-192x192.png
Stony Brook University,Division I,Division I,DI FCS,Active Member,America East Conference,America East Conference,Non-HBCU,Public,Research Universities,"Stony Brook, NY",www.stonybrook.edu,www.stonybrookathletics.com,151_151.site.png
Farmingdale State College,Division III,Division III,Non-DI,Active Member,Skyline Conference,Skyline Conference,Non-HBCU,Public,Baccalaureate Colleges,"Farmingdale, NY",www.farmingdale.edu,www.farmingdalesports.com,152_152.thumbnail_default.jpg
Hofstra University,Division I,Division I,DI Subdivision,Active Member,Colonial Athletic Association,Colonial Athletic Association,Non-HBCU,Private,Research Universities,"Hempstead, NY",www.gohofstra.com,www.hofstra.edu,153_153.site.png
Adelphi University,Division II,Division II,Non-DI,Active Member,Northeast-10 Conference,Northeast-10 Conference,Non-HBCU,Private,Research Universities,"Garden City, NY",www.adelphi.edu,www.aupanthers.com,154_154.favicon.ico
State University College at Old Westbury,Division III,Division III,Non-DI,Active Member,Skyline Conference,Skyline Conference,Non-HBCU,Public,Master's Colleges & Universities,"Old Westbury, NY",www.oldwestbury.edu,www.oldwestburypanthers.com,155_155.site.png
New York Institute of Technology,Division II,Division II,Non-DI,Active Member,East Coast Conference,East Coast Conference,Non-HBCU,Private,Master's Colleges & Universities,"Old Westbury, NY",www.nyit.edu,www.nyit.edu/athletics,156_156.favicon.ico
York College (New York),Division III,Division III,Non-DI,Active Member,City University of New York Athletic Conference,City University of New York Athletic Conference,Non-HBCU,Public,Baccalaureate Colleges,"Jamaica, NY",www.york.cuny.edu,www.yorkathletics.com,157_157.favicon.ico
St. John's University (New York),Division I,Division I,DI Subdivision,Active Member,Big East Conference,Big East Conference,Non-HBCU,Private,Research Universities,"Queens, NY",www.redstormsports.com,www.stjohns.edu,158_158.site.png
Pratt Institute,Division III,Division III,Non-DI,Provisional Member,American Collegiate Athletic Association,American Collegiate Athletic Association,Non-HBCU,Private,Special Focus Schools,"Brooklyn, NY",goprattgo.com,www.pratt.edu,159_159.site.png
Queens College (New York),Division II,Division II,Non-DI,Active Member,East Coast Conference,East Coast Conference,Non-HBCU,Public,Master's Colleges & Universities,"Queens, NY",queensknights.com,www.qc.cuny.edu,160_160.site.png
Molloy College,Division II,Division II,Non-DI,Active Member,East Coast Conference,East Coast Conference,Non-HBCU,Private,Master's Colleges & Universities,"Rockville Centre, NY",www.molloy.edu/,www.molloylions.com,161_161.favicon.ico
Monmouth University,Division I,Division I,DI FCS,Active Member,Metro Atlantic Athletic Conference,Metro Atlantic Athletic Conference,Non-HBCU,Private,Master's Colleges & Universities,"West Long Branch, NJ",www.monmouth.edu/,www.monmouthhawks.com,162_162.site.png
Princeton University,Division I,Division I,DI FCS,Active Member,The Ivy League,The Ivy League,Non-HBCU,Private,Research Universities,"Princeton, NJ",www.goprincetontigers.com,www.princeton.edu,163_163.site.png
Rider University,Division I,Division I,DI Subdivision,Active Member,Metro Atlantic Athletic Conference,Metro Atlantic Athletic Conference,Non-HBCU,Private,Master's Colleges & Universities,"Lawrenceville, NJ",www.gobroncs.com,www.rider.edu,164_164.favicon.ico
The College of New Jersey,Division III,Division III,Non-DI,Active Member,New Jersey Athletic Conference,New Jersey Athletic Conference,Non-HBCU,Public,Master's Colleges & Universities,"Ewing, NJ",tcnjathletics.com,www.tcnj.edu/,165_165.favicon.ico
"Rutgers, The State University of New Jersey, New Brunswick",Division I,Division I,DI FBS,Active Member,Big Ten Conference,Big Ten Conference,Non-HBCU,Public,Research Universities,"New Brunswick, NJ",www.rutgers.edu,www.scarletknights.com,166_166.site.png
Georgian Court University,Division II,Division II,Non-DI,Active Member,Central Atlantic Collegiate Conference,Central Atlantic Collegiate Conference,Non-HBCU,Private,Master's Colleges & Universities,"Lakewood, NJ",www.gculions.com,www.georgian.edu,167_167.site.png
Stockton University,Division III,Division III,Non-DI,Active Member,New Jersey Athletic Conference,New Jersey Athletic Conference,Non-HBCU,Public,Master's Colleges & Universities,"Galloway, NJ",www.stockton.edu,www.stocktonathletics.com,168_168.site.png
Rowan University,Division III,Division III,Non-DI,Active Member,New Jersey Athletic Conference,New Jersey Athletic Conference,Non-HBCU,Public,Research Universities,"Glassboro, NJ",www.rowan.edu/,www.rowanathletics.com,169_169.site.png
Bryant University,Division I,Division I,DI FCS,Active Member,Northeast Conference,Northeast Conference,Non-HBCU,Private,Master's Colleges & Universities,"Smithfield, RI",www.bryant.edu,www.bryantbulldogs.com,170_170.thumbnail_default.jpg
Lebanon Valley College,Division III,Division III,Non-DI,Active Member,Middle Atlantic Conferences,Middle Atlantic Conference Commonwealth,Non-HBCU,Private,Master's Colleges & Universities,"Annville, PA",www.godutchmen.com,www.lvc.edu,171_171.favicon.ico
Goldey-Beacom College,Division II,Division II,Non-DI,Active Member,Central Atlantic Collegiate Conference,Central Atlantic Collegiate Conference,Non-HBCU,Private,Special Focus Schools,"Wilmington, DE",www.gbc.edu,www.gbcathletics.com,172_172.favicon.ico
Wilmington University (Delaware),Division II,Division II,Non-DI,Active Member,Central Atlantic Collegiate Conference,Central Atlantic Collegiate Conference,Non-HBCU,Private,Research Universities,"New Castle, DE",athletics.wilmu.edu/landing/index,www.wilmu.edu/index.aspx,173_173.thumbnail_default.jpg
Cairn University,Division III,Division III,Non-DI,Active Member,Colonial States Athletic Conference,Colonial States Athletic Conference,Non-HBCU,Private,Master's Colleges & Universities,"Langhorne, PA",www.cairn.edu,www.cairnhighlanders.com,174_174.site.png
University of Delaware,Division I,Division I,DI FCS,Active Member,Colonial Athletic Association,Colonial Athletic Association,Non-HBCU,Public,Research Universities,"Newark, DE",www.bluehens.com,www.udel.edu,175_175.site.png
Wesley College,Division III,Division III,Non-DI,Active Member,Atlantic East Conference,Atlantic East Conference,Non-HBCU,Private,Baccalaureate Colleges,"Dover, DE",www.gowesleyathletics.com,www.wesley.edu,176_176.thumbnail_default.jpg
Delaware State University,Division I,Division I,DI FCS,Active Member,Mid-Eastern Athletic Conf.,Independent,HBCU,Public,Research Universities,"Dover, DE",www.desu.edu,www.dsuhornets.com/,177_177.favicon.ico
Pace University,Division II,Division II,Non-DI,Active Member,Northeast-10 Conference,Northeast-10 Conference,Non-HBCU,Private,Research Universities,"Pleasantville, NY",www.pace.edu,www.paceuathletics.com,178_178.site.png
Nyack College,Division II,Division II,Non-DI,Active Member,Central Atlantic Collegiate Conference,Central Atlantic Collegiate Conference,Non-HBCU,Private,Master's Colleges & Universities,"Nyack, NY",www.nyack.edu,www.nyack.edu/athletics,
U.S. Military Academy,Division I,Division I,DI FBS,Active Member,Patriot League,Patriot League,Non-HBCU,Public,Baccalaureate Colleges,"West Point, NY",www.goArmyWestPoint.com,www.usma.edu/,180_180.favicon.ico
Vassar College,Division III,Division III,Non-DI,Active Member,Liberty League,Liberty League,Non-HBCU,Private,Baccalaureate Colleges,"Poughkeepsie, NY",www.vassar.edu,www.vassarathletics.com/,181_181.site.png
Marist College,Division I,Division I,DI FCS,Active Member,Metro Atlantic Athletic Conference,Metro Atlantic Athletic Conference,Non-HBCU,Private,Master's Colleges & Universities,"Poughkeepsie, NY",www.GoRedFoxes.com,www.marist.edu,182_182.site.png
State University of New York at New Paltz,Division III,Division III,Non-DI,Active Member,State University of New York Athletic Conference,State University of New York Athletic Conference,Non-HBCU,Public,Master's Colleges & Universities,"New Paltz, NY",www.newpaltz.edu/,www.nphawks.com,183_183.favicon.ico
Bard College,Division III,Division III,Non-DI,Active Member,Liberty League,Liberty League,Non-HBCU,Private,Baccalaureate Colleges,"Annandale-On-Hudson, NY",www.bard.edu,www.bardathletics.com,184_184.site.png
The Sage Colleges,Division III,Division III,Non-DI,Active Member,Empire 8,Empire 8,Non-HBCU,Private,Research Universities,"Troy, NY",www.sage.edu/,www.sagegators.com,185_185.thumbnail_default.jpg
Rensselaer Polytechnic Institute,Division III,Division III,Non-DI,Active Member,Liberty League,Liberty League,Non-HBCU,Private,Research Universities,"Troy, NY",www.rpi.edu,www.rpiathletics.com,186_186.favicon.ico
Siena College,Division I,Division I,DI Subdivision,Active Member,Metro Atlantic Athletic Conference,Metro Atlantic Athletic Conference,Non-HBCU,Private,Master's Colleges & Universities,"Loudonville, NY",www.siena.edu,www.sienasaints.com,187_187.site.png
University at Albany,Division I,Division I,DI FCS,Active Member,America East Conference,America East Conference,Non-HBCU,Public,Research Universities,"Albany, NY",www.albany.edu,www.ualbanysports.com,188_188.favicon.ico
Union College (New York),Division III,Division III,Non-DI,Active Member,Liberty League,Liberty League,Non-HBCU,Private,Baccalaureate Colleges,"Schenectady, NY",www.union.edu/,www.unionathletics.com/,189_189.favicon.ico
Plattsburgh State University of New York,Division III,Division III,Non-DI,Active Member,State University of New York Athletic Conference,State University of New York Athletic Conference,Non-HBCU,Public,Master's Colleges & Universities,"Plattsburgh, NY",www.gocardinalsports.com/,www.plattsburgh.edu/,191_191.favicon.ico
State University of New York at Potsdam,Division III,Division III,Non-DI,Active Member,State University of New York Athletic Conference,State University of New York Athletic Conference,Non-HBCU,Public,Master's Colleges & Universities,"Potsdam, NY",www.potsdam.edu/,www.potsdambears.com,192_192.site.png
St. Lawrence University,Division III,Division III,Non-DI,Active Member,Liberty League,Liberty League,Non-HBCU,Private,Baccalaureate Colleges,"Canton, NY",www.saintsathletics.com,www.stlawu.edu/,193_193.site.png
Clarkson University,Division III,Division III,Non-DI,Active Member,Liberty League,Liberty League,Non-HBCU,Private,Research Universities,"Potsdam, NY",www.clarkson.edu,www.clarksonathletics.com,194_194.favicon.ico
State University of New York at Canton,Division III,Division III,Non-DI,Active Member,North Atlantic Conference,North Atlantic Conference,Non-HBCU,Public,Baccalaureate Colleges,"Canton, NY",www.canton.edu/,www.rooathletics.com,195_195.site.png
The College of Saint Rose,Division II,Division II,Non-DI,Active Member,Northeast-10 Conference,Northeast-10 Conference,Non-HBCU,Private,Master's Colleges & Universities,"Albany, NY",gogoldenknights.com,www.strose.edu,196_196.site.png
State University of New York at Cobleskill,Division III,Division III,Non-DI,Active Member,North Eastern Athletic Conference,North Eastern Athletic Conference,Non-HBCU,Public,Baccalaureate Colleges,"Cobleskill, NY",www.cobleskill.edu/ATHLETICS,www.cobleskill.edu/home.asp,197_197.favicon.ico
