Company Name, Business Number, Year, 
JESSIE TRUCKING LTD, LTD, LTD, 
JESSIE TRUCKING LTD, LTD, LTD, 
JESSIE TRUCKING LTD, LTD, LTD, 
JESSIE TRUCKING LTD, LTD, LTD, 
JESSIE TRUCKING LTD, LTD, LTD, 
JOY EXPRESS LTD, LTD, LTD, 
KRV MAINTENANCE INC, INC, INC, 
KUGAN TRANSPORT INC, INC, INC, 
LALTEES IT SOLUTIONS, SOLUTIONS, SOLUTIONS, 
LALTEES IT SOLUTIONS INC, INC, INC, 
MEGA STAR RENOVATIONS, RENOVATIONS, RENOVATIONS, 
MEGA STAR RENOVATIONS LTD, LTD, LTD, 
N J HOME IMPROVEMENT INC, INC, INC, 
NALLAMMA EXPRESS LTD, LTD, LTD, 
NEXT HYBRID TECH INC, INC, INC, 
PRAJITH TRANSPORT LTD, LTD, LTD, 
S G K WINTERTON TECH CORP, CORP, CORP, 
SAA TRANSPORT LTD, LTD, LTD, 
SCARBOROUGH DIAGNOSTIC CENTER INC, INC, INC, 
SIVA TECH CONSULTING INC, INC, INC, 
SPS EDUCATIONAL, EDUCATIONAL, EDUCATIONAL, 
SPS EDUCATIONAL INC, INC, INC, 
SUN WAY EXPRESS LTD, LTD, LTD, 
SW TRUCKING INC, INC, INC, 
TOP M EXPRESS LTD, LTD, LTD, 
VALENTIA INTERNATIONAL, INTERNATIONAL, INTERNATIONAL, 
VNV HAULAGE LTD, LTD, LTD, 
YOGI & ASSOCIATES INC, INC, INC, 
:YOGI & ASSOCIATES INC, INC, INC, 
