Denison University,Division III,Division III,Non-DI,Active Member,North Coast Athletic Conference,North Coast Athletic Conference,Non-HBCU,Private,Baccalaureate Colleges,"Granville, OH",www.denison.edu,www.denisonbigred.com,501_501.denisonbigred.com
Kenyon College,Division III,Division III,Non-DI,Active Member,North Coast Athletic Conference,North Coast Athletic Conference,Non-HBCU,Private,Baccalaureate Colleges,"Gambier, OH",athletics.kenyon.edu,www.kenyon.edu,502_502.site.png
Muskingum University,Division III,Division III,Non-DI,Active Member,Ohio Athletic Conference,Ohio Athletic Conference,Non-HBCU,Private,Master's Colleges & Universities,"New Concord, OH",www.muskingum.edu,www.muskingum.edu,503_503.fav.png
Marietta College,Division III,Division III,Non-DI,Active Member,Ohio Athletic Conference,Ohio Athletic Conference,Non-HBCU,Private,Baccalaureate Colleges,"Marietta, OH",pioneers.marietta.edu/,www.marietta.edu/,505_505.favicon.ico
Franciscan University of Steubenville,Division III,Division III,Non-DI,Active Member,Allegheny Mountain Collegiate Conference,Allegheny Mountain Collegiate Conference,Non-HBCU,Private,Master's Colleges & Universities,"Steubenville, OH",www.franciscan.edu,www.franciscanathletics.com,506_506.site.png
Ashland University,Division II,Division II,Non-DI,Active Member,Great Lakes Intercollegiate Athletic Conference,Great Lakes Intercollegiate Athletic Conference,Non-HBCU,Private,Master's Colleges & Universities,"Ashland, OH",www.ashland.edu,www.goashlandeagles.com,507_507.goashlandeagles.com
University of Findlay,Division II,Division II,Non-DI,Active Member,Great Midwest Athletic Conference,Great Midwest Athletic Conference,Non-HBCU,Private,Research Universities,"Findlay, OH",athletics.findlay.edu/landing/index,www.findlay.edu,511_511.favicon.ico
Heidelberg University,Division III,Division III,Non-DI,Active Member,Ohio Athletic Conference,Ohio Athletic Conference,Non-HBCU,Private,Baccalaureate Colleges,"Tiffin, OH",athletics.heidelberg.edu,www.heidelberg.edu,
Bowling Green State University,Division I,Division I,DI FBS,Active Member,Mid-American Conference,Mid-American Conference,Non-HBCU,Public,Research Universities,"Bowling Green, OH",www.bgsu.edu,www.bgsufalcons.com,514_514.favicon.ico
University of Toledo,Division I,Division I,DI FBS,Active Member,Mid-American Conference,Mid-American Conference,Non-HBCU,Public,Research Universities,"Toledo, OH",www.utoledo.edu,www.utrockets.com,515_515.site.png
Oberlin College,Division III,Division III,Non-DI,Active Member,North Coast Athletic Conference,North Coast Athletic Conference,Non-HBCU,Private,Baccalaureate Colleges,"Oberlin, OH",www.goyeo.com,www.oberlin.edu/,516_516.favicon.ico
Cleveland State University,Division I,Division I,DI Subdivision,Active Member,Horizon League,Horizon League,Non-HBCU,Public,Research Universities,"Cleveland, OH",www.csuohio.edu,www.csuvikings.com,518_518.thumbnail_default.jpg
John Carroll University,Division III,Division III,Non-DI,Active Member,Ohio Athletic Conference,Ohio Athletic Conference,Non-HBCU,Private,Master's Colleges & Universities,"University Heights, OH",www.jcu.edu,www.jcusports.com,520_520.site.png
Notre Dame College (Ohio),Division II,Division II,Non-DI,Active Member,Mountain East Conference,Mountain East Conference,Non-HBCU,Private,Master's Colleges & Universities,"Cleveland, OH",www.notredamecollege.edu,www.notredamefalcons.com,521_521.favicon.ico
Kent State University,Division I,Division I,DI FBS,Active Member,Mid-American Conference,Mid-American Conference,Non-HBCU,Public,Research Universities,"Kent, OH",www.kent.edu/,www.kentstatesports.com,523_523.favicon.ico
University of Akron,Division I,Division I,DI FBS,Active Member,Mid-American Conference,Mid-American Conference,Non-HBCU,Public,Research Universities,"Akron, OH",www.gozips.com,www.uakron.edu,524_524.favicon.ico
Walsh University,Division II,Division II,Non-DI,Active Member,Great Midwest Athletic Conference,Great Midwest Athletic Conference,Non-HBCU,Private,Master's Colleges & Universities,"North Canton, OH",www.walsh.edu,www.walsh.edu/athletics,
Malone University,Division II,Division II,Non-DI,Active Member,Great Midwest Athletic Conference,Great Midwest Athletic Conference,Non-HBCU,Private,Master's Colleges & Universities,"Canton, OH",www.malone.edu,www.malonepioneers.com,526_526.favicon.ico
University of Mount Union,Division III,Division III,Non-DI,Active Member,Ohio Athletic Conference,Ohio Athletic Conference,Non-HBCU,Private,Baccalaureate Colleges,"Alliance, OH",athletics.mountunion.edu,www.mountunion.edu,527_527.thumbnail_default.jpg
Youngstown State University,Division I,Division I,DI FCS,Active Member,Horizon League,Horizon League,Non-HBCU,Public,Master's Colleges & Universities,"Youngstown, OH",www.ysu.edu/,www.ysusports.com,528_528.favicon.ico
Ursuline College,Division II,Division II,Non-DI,Active Member,Great Midwest Athletic Conference,Great Midwest Athletic Conference,Non-HBCU,Private,Master's Colleges & Universities,"Pepper Pike, OH",www.ursuline.edu,www.ursulinearrows.com,529_529.site.png
Rider University,Division I,Division I,DI Subdivision,Active Member,Metro Atlantic Athletic Conference,Metro Atlantic Athletic Conference,Non-HBCU,Private,Master's Colleges & Universities,"Lawrenceville, NJ",www.gobroncs.com,www.rider.edu,530_530.site.png
"Rutgers, The State University of New Jersey, New Brunswick",Division I,Division I,DI FBS,Active Member,Big Ten Conference,Big Ten Conference,Non-HBCU,Public,Research Universities,"New Brunswick, NJ",www.rutgers.edu,www.scarletknights.com,531_531.site.png
Centenary University (New Jersey),Division III,Division III,Non-DI,Active Member,Colonial States Athletic Conference,Colonial States Athletic Conference,Non-HBCU,Private,Master's Colleges & Universities,"Hackettstown, NJ",www.centenarycollege.edu,www.centenarycyclones.com,532_532.favicon.ico
"Fairleigh Dickinson University, Florham",Division III,Division III,Non-DI,Active Member,Middle Atlantic Conferences,Middle Atlantic Conferences,Non-HBCU,Private,Master's Colleges & Universities,"Madison, NJ",fdudevils.com/index.aspx,www.view2.fdu.edu/campuses-and-centers/florham-campus/,533_533.favicon.ico
Drew University,Division III,Division III,Non-DI,Active Member,Landmark Conference,Landmark Conference,Non-HBCU,Private,Baccalaureate Colleges,"Madison, NJ",www.drew.edu,www.drewrangers.com/,534_534.favicon.ico
Seton Hall University,Division I,Division I,DI Subdivision,Active Member,Big East Conference,Big East Conference,Non-HBCU,Private,Research Universities,"South Orange, NJ",www.shu.edu,www.shupirates.com,535_535.favicon.ico
New Jersey Institute of Technology,Division I,Division I,DI Subdivision,Active Member,ASUN Conference,ASUN Conference,Non-HBCU,Public,Research Universities,"Newark, NJ",www.njit.edu/,www.njithighlanders.com,536_536.favicon.ico
Wagner College,Division I,Division I,DI FCS,Active Member,Northeast Conference,Northeast Conference,Non-HBCU,Private,Master's Colleges & Universities,"Staten Island, NY",www.wagner.edu,www.wagnerathletics.com,537_537.favicon.ico
St. Francis College Brooklyn,Division I,Division I,DI Subdivision,Active Member,Northeast Conference,Northeast Conference,Non-HBCU,Private,Baccalaureate Colleges,"Brooklyn Heights, NY",www.sfc.edu,www.sfcathletics.com,538_538.favicon.ico
New York University,Division III,Division III,Non-DI,Active Member,University Athletic Association,University Athletic Association,Non-HBCU,Private,Research Universities,"New York, NY",www.gonyuathletics.com,www.nyu.edu/,539_539.site.png
Saint Peter's University,Division I,Division I,DI Subdivision,Active Member,Metro Atlantic Athletic Conference,Metro Atlantic Athletic Conference,Non-HBCU,Private,Master's Colleges & Universities,"Jersey City, NJ",www.saintpeters.edu.,www.saintpeterspeacocks.com,
New Jersey City University,Division III,Division III,Non-DI,Active Member,New Jersey Athletic Conference,New Jersey Athletic Conference,Non-HBCU,Public,Master's Colleges & Universities,"Jersey City, NJ",www.njcu.edu,www.njcugothicknights.com,541_541.site.png
Baruch College,Division III,Division III,Non-DI,Active Member,City University of New York Athletic Conference,City University of New York Athletic Conference,Non-HBCU,Public,Master's Colleges & Universities,"New York, NY",www.baruch.cuny.edu,www.baruchathletics.com,542_542.favicon.ico
Stevens Institute of Technology,Division III,Division III,Non-DI,Active Member,Middle Atlantic Conferences,Middle Atlantic Conferences,Non-HBCU,Private,Research Universities,"Hoboken, NJ",www.stevens.edu,www.stevensducks.com,543_543.favicon.ico
College of Staten Island,Division III,Division III,Non-DI,Reclass DIII to DII (B20.6.3.1),City University of New York Athletic Conference,City University of New York Athletic Conference,Non-HBCU,Public,Master's Colleges & Universities,"Staten Island, NY",www.csi.cuny.edu,www.csidolphins.com,544_544.site.png
Medgar Evers College,Division III,Division III,Non-DI,Active Member,City University of New York Athletic Conference,City University of New York Athletic Conference,Non-HBCU,Public,Baccalaureate Colleges,"Brooklyn, NY",www.mec.cuny.edu,www.mecathletics.com,545_545.site.png
Brooklyn College,Division III,Division III,Non-DI,Active Member,City University of New York Athletic Conference,City University of New York Athletic Conference,Non-HBCU,Public,Master's Colleges & Universities,"Brooklyn, NY",brooklyncollegeathletics.com,www.brooklyn.cuny.edu,546_546.site.png
Long Island University,Division I,Division I,DI FCS,Active Member,Northeast Conference,Northeast Conference,Non-HBCU,Private,-2.0,"Brookville, NY",www.brooklyn.liu.edu,www.liuathletics.com,547_547.site.png
"Rutgers, The State Univ. of New Jersey, Newark",Division III,Division III,Non-DI,Active Member,New Jersey Athletic Conference,New Jersey Athletic Conference,Non-HBCU,Public,Research Universities,"Newark, NJ",www.newark.rutgers.edu,www.rutgersnewarkathletics.com,548_548.site.png
Kean University,Division III,Division III,Non-DI,Active Member,New Jersey Athletic Conference,New Jersey Athletic Conference,Non-HBCU,Public,Master's Colleges & Universities,"Union, NJ",www.kean.edu,www.keanathletics.com,549_549.site.png
Pratt Institute,Division III,Division III,Non-DI,Provisional Member,American Collegiate Athletic Association,American Collegiate Athletic Association,Non-HBCU,Private,Special Focus Schools,"Brooklyn, NY",goprattgo.com,www.pratt.edu,550_550.goprattgo.com
Columbia University-Barnard College,Division I,Division I,DI FCS,Active Member,The Ivy League,The Ivy League,Non-HBCU,Private,Research Universities,"New York, NY",www.columbia.edu,www.gocolumbialions.com/,551_551.favicon.ico
John Jay College of Criminal Justice,Division III,Division III,Non-DI,Active Member,City University of New York Athletic Conference,City University of New York Athletic Conference,Non-HBCU,Public,Master's Colleges & Universities,"New York, NY",www.jjay.cuny.edu/,www.johnjayathletics.com,552_552.favicon.ico
Bloomfield College,Division II,Division II,Non-DI,Active Member,Central Atlantic Collegiate Conference,Central Atlantic Collegiate Conference,Non-HBCU,Private,Baccalaureate Colleges,"Bloomfield, NJ",www.bcbearsathletics.com,www.bloomfield.edu,554_554.favicon.ico
Montclair State University,Division III,Division III,Non-DI,Active Member,New Jersey Athletic Conference,New Jersey Athletic Conference,Non-HBCU,Public,Research Universities,"Montclair, NJ",www.montclair.edu/,www.montclairathletics.com,555_555.favicon.ico
William Paterson University of New Jersey,Division III,Division III,Non-DI,Active Member,New Jersey Athletic Conference,New Jersey Athletic Conference,Non-HBCU,Public,Master's Colleges & Universities,"Wayne, NJ",www.wpunj.edu,www.wpupioneers.com,556_556.site.png
Caldwell University,Division II,Division II,Non-DI,Active Member,Central Atlantic Collegiate Conference,Central Atlantic Collegiate Conference,Non-HBCU,Private,Master's Colleges & Universities,"Caldwell, NJ",www.caldwell.edu/,www.caldwellathletics.com,557_557.site.png
Adelphi University,Division II,Division II,Non-DI,Active Member,Northeast-10 Conference,Northeast-10 Conference,Non-HBCU,Private,Research Universities,"Garden City, NY",www.adelphi.edu,www.aupanthers.com,558_558.site.png
The City College of New York,Division III,Division III,Non-DI,Active Member,City University of New York Athletic Conference,City University of New York Athletic Conference,Non-HBCU,Public,Research Universities,"New York, NY",www.ccny.cuny.edu,www.ccnyathletics.com,559_559.favicon.ico
Yeshiva University,Division III,Division III,Non-DI,Active Member,Skyline Conference,Skyline Conference,Non-HBCU,Private,Research Universities,"New York, NY",www.yu.edu/,www.yumacs.com,560_560.favicon.ico
Fordham University,Division I,Division I,DI FCS,Active Member,Atlantic 10 Conference,Atlantic 10 Conference,Non-HBCU,Private,Research Universities,"Bronx, NY",www.fordham.edu,www.fordhamsports.com,561_561.site.png
"Fairleigh Dickinson University, Metropolitan Campus",Division I,Division I,DI Subdivision,Active Member,Northeast Conference,Northeast Conference,Non-HBCU,Private,Master's Colleges & Universities,"Teaneck, NJ",www.fdu.edu,www.fduknights.com,562_562.favicon.ico
State University of New York Maritime College,Division III,Division III,Non-DI,Active Member,Skyline Conference,Skyline Conference,Non-HBCU,Public,Master's Colleges & Universities,"Throggs Neck, NY",www.maritimeathletics.com,www.sunymaritime.edu/,563_563.favicon.ico
Iona College,Division I,Division I,DI Subdivision,Active Member,Metro Atlantic Athletic Conference,Metro Atlantic Athletic Conference,Non-HBCU,Private,Master's Colleges & Universities,"New Rochelle, NY",www.icgaels.com,www.iona.edu,564_564.site.png
York College (New York),Division III,Division III,Non-DI,Active Member,City University of New York Athletic Conference,City University of New York Athletic Conference,Non-HBCU,Public,Baccalaureate Colleges,"Jamaica, NY",www.york.cuny.edu,www.yorkathletics.com,566_566.site.png
U.S. Merchant Marine Academy,Division III,Division III,Non-DI,Active Member,Skyline Conference,Skyline Conference,Non-HBCU,Public,Baccalaureate Colleges,"Kings Point, NY",usmmasports.com,www.usmma.edu,567_567.favicon.ico
"Purchase College, State University of New York",Division III,Division III,Non-DI,Active Member,Skyline Conference,Skyline Conference,Non-HBCU,Public,Baccalaureate Colleges,"Purchase, NY",www.purchase.edu,www.purchasecollegeathletics.com,568_568.site.png
Manhattanville College,Division III,Division III,Non-DI,Active Member,Skyline Conference,Skyline Conference,Non-HBCU,Private,Master's Colleges & Universities,"Purchase, NY",www.govaliants.com,www.mville.edu,569_569.favicon.ico
Hofstra University,Division I,Division I,DI Subdivision,Active Member,Colonial Athletic Association,Colonial Athletic Association,Non-HBCU,Private,Research Universities,"Hempstead, NY",www.gohofstra.com,www.hofstra.edu,571_571.favicon.ico
New York Institute of Technology,Division II,Division II,Non-DI,Active Member,East Coast Conference,East Coast Conference,Non-HBCU,Private,Master's Colleges & Universities,"Old Westbury, NY",www.nyit.edu,www.nyit.edu/athletics,572_572.site.png
State University College at Old Westbury,Division III,Division III,Non-DI,Active Member,Skyline Conference,Skyline Conference,Non-HBCU,Public,Master's Colleges & Universities,"Old Westbury, NY",www.oldwestbury.edu,www.oldwestburypanthers.com,573_573.site.png
Mercy College,Division II,Division II,Non-DI,Active Member,East Coast Conference,East Coast Conference,Non-HBCU,Private,Master's Colleges & Universities,"Dobbs Ferry, NY",www.mercy.edu,www.mercyathletics.com,576_576.site.png
Sarah Lawrence College,Division III,Division III,Non-DI,Active Member,Skyline Conference,Skyline Conference,Non-HBCU,Private,Baccalaureate Colleges,"Bronxville, NY",www.gogryphons.com,www.sarahlawrence.edu,577_577.site.png
Concordia College (New York),Division II,Division II,Non-DI,Active Member,Central Atlantic Collegiate Conference,Central Atlantic Collegiate Conference,Non-HBCU,Private,Master's Colleges & Universities,"Bronxville, NY",www.concordia-ny.edu,www.concordiaClippers.com,578_578.favicon.ico
College of Mount Saint Vincent,Division III,Division III,Non-DI,Active Member,Skyline Conference,Skyline Conference,Non-HBCU,Private,Master's Colleges & Universities,"Bronx, NY",cmsvathletics.com/,www.mountsaintvincent.edu,579_579.site.png
Ramapo College,Division III,Division III,Non-DI,Active Member,New Jersey Athletic Conference,New Jersey Athletic Conference,Non-HBCU,Public,Master's Colleges & Universities,"Mahwah, NJ",www.ramapo.edu,www.ramapoathletics.edu,580_580.17216059398_034c188d58_o-spring.jpg
Pace University,Division II,Division II,Non-DI,Active Member,Northeast-10 Conference,Northeast-10 Conference,Non-HBCU,Private,Research Universities,"Pleasantville, NY",www.pace.edu,www.paceuathletics.com,581_581.site.png
Stony Brook University,Division I,Division I,DI FCS,Active Member,America East Conference,America East Conference,Non-HBCU,Public,Research Universities,"Stony Brook, NY",www.stonybrook.edu,www.stonybrookathletics.com,582_582.site.png
St. Joseph's College (Long Island),Division III,Division III,Non-DI,Active Member,Skyline Conference,Skyline Conference,Non-HBCU,Private,Master's Colleges & Universities,"Patchogue, NY",www.goldeneagles.com,www.sjcny.edu/,583_583.favicon-16x16.png
Fairfield University,Division I,Division I,DI Subdivision,Active Member,Metro Atlantic Athletic Conference,Metro Atlantic Athletic Conference,Non-HBCU,Private,Master's Colleges & Universities,"Fairfield, CT",fairfield.edu,fairfieldstags.com,585_585.favicon.ico
Western Connecticut State University,Division III,Division III,Non-DI,Active Member,Little East Conference,Little East Conference,Non-HBCU,Public,Master's Colleges & Universities,"Danbury, CT",www.wcsu.edu/,www.wcsuathletics.com,586_586.westconnathletics.com
Southern Connecticut State University,Division II,Division II,Non-DI,Active Member,Northeast-10 Conference,Northeast-10 Conference,Non-HBCU,Public,Master's Colleges & Universities,"New Haven, CT",www.southernct.edu/,www.southernctowls.com,587_587.site.png
University of New Haven,Division II,Division II,Non-DI,Active Member,Northeast-10 Conference,Northeast-10 Conference,Non-HBCU,Private,Master's Colleges & Universities,"West Haven, CT",www.newhaven.edu/,www.newhavenchargers.com,588_588.favicon.ico
Mitchell College,Division III,Division III,Non-DI,Active Member,New England Collegiate Conference,New England Collegiate Conference,Non-HBCU,Private,Baccalaureate Colleges,"New London, CT",www.mitchell.edu,www.mitchellathletics.com,589_589.thumbnail_default.jpg
Quinnipiac University,Division I,Division I,DI Subdivision,Active Member,Metro Atlantic Athletic Conference,Metro Atlantic Athletic Conference,Non-HBCU,Private,Research Universities,"Hamden, CT",www.quinnipiac.edu,www.quinnipiacbobcats.com,591_591.favicon.ico
Post University,Division II,Division II,Non-DI,Active Member,Central Atlantic Collegiate Conference,Central Atlantic Collegiate Conference,Non-HBCU,Private,Master's Colleges & Universities,"Waterbury, CT",www.post.edu,www.posteagles.com,592_592.site.png
Wesleyan University (Connecticut),Division III,Division III,Non-DI,Active Member,New England Small College Athletic Conference,New England Small College Athletic Conference,Non-HBCU,Private,Baccalaureate Colleges,"Middletown, CT",www.wesleyan.edu/,www.wesleyan.edu/athletics,594_594.site.png
Eastern Connecticut State University,Division III,Division III,Non-DI,Active Member,Little East Conference,Little East Conference,Non-HBCU,Public,Master's Colleges & Universities,"Willimantic, CT",gowarriorathletics.com,www.easternct.edu,595_595.site.png
Trinity College (Connecticut),Division III,Division III,Non-DI,Active Member,New England Small College Athletic Conference,New England Small College Athletic Conference,Non-HBCU,Private,Baccalaureate Colleges,"Hartford, CT",www.bantamsports.com,www.trincoll.edu,596_596.bantamsports.com
University of Hartford,Division I,Division I,DI Subdivision,Active Member,America East Conference,America East Conference,Non-HBCU,Private,Research Universities,"West Hartford, CT",www.hartford.edu,www.hartfordhawks.com,598_598.favicon.ico
University of Connecticut,Division I,Division I,DI FBS,Active Member,American Athletic Conference,American Athletic Conference,Non-HBCU,Public,Research Universities,"Storrs, CT",www.uconn.edu,www.uconnhuskies.com,599_599.favicon.ico
University of Rhode Island,Division I,Division I,DI FCS,Active Member,Atlantic 10 Conference,Atlantic 10 Conference,Non-HBCU,Public,Research Universities,"Kingston, RI",www.gorhody.com,www.uri.edu,601_601.site.png
Brown University,Division I,Division I,DI FCS,Active Member,The Ivy League,The Ivy League,Non-HBCU,Private,Research Universities,"Providence, RI",brownbears.com,www.brown.edu,605_605.site.png
"University of Massachusetts, Dartmouth",Division III,Division III,Non-DI,Active Member,Little East Conference,Little East Conference,Non-HBCU,Public,Research Universities,"North Dartmouth, MA",www.corsairathletics.com,www.umassd.edu,607_607.site.png
Mount Saint Mary College (New York),Division III,Division III,Non-DI,Active Member,Skyline Conference,Skyline Conference,Non-HBCU,Private,Master's Colleges & Universities,"Newburgh, NY",www.msmc.edu/,www.msmcknights.com/,610_610.favicon.ico
Vassar College,Division III,Division III,Non-DI,Active Member,Liberty League,Liberty League,Non-HBCU,Private,Baccalaureate Colleges,"Poughkeepsie, NY",www.vassar.edu,www.vassarathletics.com/,611_611.site.png
State University of New York at New Paltz,Division III,Division III,Non-DI,Active Member,State University of New York Athletic Conference,State University of New York Athletic Conference,Non-HBCU,Public,Master's Colleges & Universities,"New Paltz, NY",www.newpaltz.edu/,www.nphawks.com,612_612.site.png
Marist College,Division I,Division I,DI FCS,Active Member,Metro Atlantic Athletic Conference,Metro Atlantic Athletic Conference,Non-HBCU,Private,Master's Colleges & Universities,"Poughkeepsie, NY",www.GoRedFoxes.com,www.marist.edu,613_613.favicon.ico
Bard College,Division III,Division III,Non-DI,Active Member,Liberty League,Liberty League,Non-HBCU,Private,Baccalaureate Colleges,"Annandale-On-Hudson, NY",www.bard.edu,www.bardathletics.com,614_614.site.png
U.S. Military Academy,Division I,Division I,DI FBS,Active Member,Patriot League,Patriot League,Non-HBCU,Public,Baccalaureate Colleges,"West Point, NY",www.goArmyWestPoint.com,www.usma.edu/,615_615.site.png
Providence College,Division I,Division I,DI Subdivision,Active Member,Big East Conference,Big East Conference,Non-HBCU,Private,Master's Colleges & Universities,"Providence, RI",www.friars.com,www.providence.edu/,616_616.site.png
Wheaton College (Massachusetts),Division III,Division III,Non-DI,Active Member,New England Women's and Men's Athletic Conference,New England Women's and Men's Athletic Conference,Non-HBCU,Private,Baccalaureate Colleges,"Norton, MA",athletics.wheatoncollege.edu/,www.wheatoncollege.edu/,617_617.favicon-194x194.png
Molloy College,Division II,Division II,Non-DI,Active Member,East Coast Conference,East Coast Conference,Non-HBCU,Private,Master's Colleges & Universities,"Rockville Centre, NY",www.molloy.edu/,www.molloylions.com,619_619.favicon.ico
Dean College,Division III,Division III,Non-DI,Provisional Member,New England Collegiate Conference,New England Collegiate Conference,Non-HBCU,Private,Baccalaureate Colleges,"Franklin, MA",www.dean.edu,www.deanbulldogs.com,621_621.favicon-194x194.png
Smith College,Division III,Division III,Non-DI,Active Member,New England Women's and Men's Athletic Conference,New England Women's and Men's Athletic Conference,Non-HBCU,Private,Baccalaureate Colleges,"Northampton, MA",www.smith.edu/,www.smithpioneers.com,627_627.site.png
Amherst College,Division III,Division III,Non-DI,Active Member,New England Small College Athletic Conference,New England Small College Athletic Conference,Non-HBCU,Private,Baccalaureate Colleges,"Amherst, MA",www.amherst.edu,www.athletics.amherst.edu/landing/index,
"University of Massachusetts, Amherst",Division I,Division I,DI FBS,Active Member,Atlantic 10 Conference,Atlantic 10 Conference,Non-HBCU,Public,Research Universities,"Amherst, MA",www.umass.edu/,www.umassathletics.com,630_630.favicon.ico
Anna Maria College,Division III,Division III,Non-DI,Active Member,Great Northeast Athletic Conference,Great Northeast Athletic Conference,Non-HBCU,Private,Master's Colleges & Universities,"Paxton, MA",www.annamaria.edu,www.annamaria.edu/athletics/,
Worcester Polytechnic Institute,Division III,Division III,Non-DI,Active Member,New England Women's and Men's Athletic Conference,New England Women's and Men's Athletic Conference,Non-HBCU,Private,Research Universities,"Worcester, MA",www.wpi.edu/,www.wpi.edu/athletics,
Clark University (Massachusetts),Division III,Division III,Non-DI,Active Member,New England Women's and Men's Athletic Conference,New England Women's and Men's Athletic Conference,Non-HBCU,Private,Research Universities,"Worcester, MA",www.clarku.edu,www.clarku.edu/departments/athletics,
Boston College,Division I,Division I,DI FBS,Active Member,Atlantic Coast Conference,Atlantic Coast Conference,Non-HBCU,Private,Research Universities,"Chestnut Hill, MA",www.bc.edu,www.bceagles.com,637_637.site.png
Pine Manor College,Division III,Division III,Non-DI,Active Member,American Collegiate Athletic Association,American Collegiate Athletic Association,Non-HBCU,Private,Baccalaureate Colleges,"Chestnut Hill, MA",www.pmc.edu/,www.pmc.edu/athletics,
Simmons University,Division III,Division III,Non-DI,Active Member,Great Northeast Athletic Conference,Great Northeast Athletic Conference,Non-HBCU,Private,Research Universities,"Boston, MA",www.simmons.edu/,www.simmons.edu/athletics,641_641.favicon-194x194.png
University of Massachusetts Boston,Division III,Division III,Non-DI,Active Member,Little East Conference,Little East Conference,Non-HBCU,Public,Research Universities,"Boston, MA",www.beaconsathletics.com,www.umb.edu/,642_642.site.png
Boston University,Division I,Division I,DI Subdivision,Active Member,Patriot League,Patriot League,Non-HBCU,Private,Research Universities,"Boston, MA",goterriers.com,www.bu.edu,646_646.site.png
Harvard University,Division I,Division I,DI FCS,Active Member,The Ivy League,The Ivy League,Non-HBCU,Private,Research Universities,"Boston, MA",www.gocrimson.com,www.harvard.edu,648_648.site.png
Bentley University,Division II,Division II,Non-DI,Active Member,Northeast-10 Conference,Northeast-10 Conference,Non-HBCU,Private,Master's Colleges & Universities,"Waltham, MA",www.bentley.edu,www.bentley.edu/athletics,651_651.favicon-194x194.png
Lasell University,Division III,Division III,Non-DI,Active Member,Great Northeast Athletic Conference,Great Northeast Athletic Conference,Non-HBCU,Private,Master's Colleges & Universities,"Newton, MA",laserpride.lasell.edu,www.lasell.edu,652_652.apple-touch-icon-180x180.png
Endicott College,Division III,Division III,Non-DI,Active Member,Commonwealth Coast Conference,Commonwealth Coast Conference,Non-HBCU,Private,Master's Colleges & Universities,"Beverly, MA",www.ecgulls.com,www.endicott.edu,658_658.thumbnail_default.jpg
University of Massachusetts Lowell,Division I,Division I,DI Subdivision,Active Member,America East Conference,America East Conference,Non-HBCU,Public,Research Universities,"Lowell, MA",www.goriverhawks.com,www.uml.edu/,659_659.site.png
Williams College,Division III,Division III,Non-DI,Active Member,New England Small College Athletic Conference,New England Small College Athletic Conference,Non-HBCU,Private,Baccalaureate Colleges,"Williamstown, MA",athletics.williams.edu/landing/index,www.williams.edu/,662_662.favicon-194x194.png
State University of New York at Delhi,Division III,Division III,Non-DI,Provisional Member,North Atlantic Conference,North Atlantic Conference,Non-HBCU,Public,Baccalaureate Colleges,"Delhi, NY",delhibroncos.com/landing/index,www.delhi.edu,663_663.favicon-194x194.png
Hartwick College,Division III,Division III,Non-DI,Active Member,Empire 8,Empire 8,Non-HBCU,Private,Baccalaureate Colleges,"Oneonta, NY",www.hartwick.edu,www.hartwickhawks.com,664_664.site.png
State University of New York at Oneonta,Division III,Division III,Non-DI,Active Member,State University of New York Athletic Conference,State University of New York Athletic Conference,Non-HBCU,Public,Master's Colleges & Universities,"Oneonta, NY",www.oneonta.edu,www.oneontaathletics.com,665_665.favicon.ico
The College of Saint Rose,Division II,Division II,Non-DI,Active Member,Northeast-10 Conference,Northeast-10 Conference,Non-HBCU,Private,Master's Colleges & Universities,"Albany, NY",gogoldenknights.com,www.strose.edu,666_666.site.png
University at Albany,Division I,Division I,DI FCS,Active Member,America East Conference,America East Conference,Non-HBCU,Public,Research Universities,"Albany, NY",www.albany.edu,www.ualbanysports.com,667_667.favicon.ico
Siena College,Division I,Division I,DI Subdivision,Active Member,Metro Atlantic Athletic Conference,Metro Atlantic Athletic Conference,Non-HBCU,Private,Master's Colleges & Universities,"Loudonville, NY",www.siena.edu,www.sienasaints.com,668_668.site.png
Union College (New York),Division III,Division III,Non-DI,Active Member,Liberty League,Liberty League,Non-HBCU,Private,Baccalaureate Colleges,"Schenectady, NY",www.union.edu/,www.unionathletics.com/,670_670.favicon.ico
Rensselaer Polytechnic Institute,Division III,Division III,Non-DI,Active Member,Liberty League,Liberty League,Non-HBCU,Private,Research Universities,"Troy, NY",www.rpi.edu,www.rpiathletics.com,671_671.site.png
State University of New York at Cobleskill,Division III,Division III,Non-DI,Active Member,North Eastern Athletic Conference,North Eastern Athletic Conference,Non-HBCU,Public,Baccalaureate Colleges,"Cobleskill, NY",www.cobleskill.edu/ATHLETICS,www.cobleskill.edu/home.asp,672_672.site.png
Binghamton University,Division I,Division I,DI Subdivision,Active Member,America East Conference,America East Conference,Non-HBCU,Public,Research Universities,"Binghamton, NY",www.binghamton.edu,www.bubearcats.com,673_673.site.png
Elmira College,Division III,Division III,Non-DI,Active Member,Empire 8,Empire 8,Non-HBCU,Private,Baccalaureate Colleges,"Elmira, NY",athletics.elmira.edu,www.elmira.edu,674_674.site.png
Ithaca College,Division III,Division III,Non-DI,Active Member,Liberty League,Liberty League,Non-HBCU,Private,Master's Colleges & Universities,"Ithaca, NY",athletics.ithaca.edu,www.ithaca.edu/,675_675.site.png
State University of New York at Cortland,Division III,Division III,Non-DI,Active Member,State University of New York Athletic Conference,State University of New York Athletic Conference,Non-HBCU,Public,Master's Colleges & Universities,"Cortland, NY",www.cortland.edu,www.cortland.edu/athletics,676_676.site.png
Colgate University,Division I,Division I,DI FCS,Active Member,Patriot League,Patriot League,Non-HBCU,Private,Baccalaureate Colleges,"Hamilton, NY",www.colgate.edu,www.gocolgateraiders.com,678_678.site.png
Morrisville State College,Division III,Division III,Non-DI,Active Member,North Eastern Athletic Conference,North Eastern Athletic Conference,Non-HBCU,Public,Baccalaureate Colleges,"Morrisville, NY",www.morrisville.edu,www.morrisville.edu,679_679.apple-touch-icon.png
Cazenovia College,Division III,Division III,Non-DI,Active Member,North Eastern Athletic Conference,North Eastern Athletic Conference,Non-HBCU,Private,Baccalaureate Colleges,"Cazenovia, NY",www.cazenovia.edu,www.cazenoviawildcats.com,680_680.site.png
Keuka College,Division III,Division III,Non-DI,Active Member,North Eastern Athletic Conference,North Eastern Athletic Conference,Non-HBCU,Private,Master's Colleges & Universities,"Keuka Park, NY",www.keuka.edu/,www.keuka.edu/sports/index.html,
Alfred University,Division III,Division III,Non-DI,Active Member,Empire 8,Empire 8,Non-HBCU,Private,Master's Colleges & Universities,"Alfred, NY",www.alfred.edu,www.gosaxons.com,684_684.site.png
Houghton College,Division III,Division III,Non-DI,Active Member,Empire 8,Empire 8,Non-HBCU,Private,Baccalaureate Colleges,"Houghton, NY",athletics.houghton.edu,www.houghton.edu,685_685.site.png
The State University of New York at Fredonia,Division III,Division III,Non-DI,Active Member,State University of New York Athletic Conference,State University of New York Athletic Conference,Non-HBCU,Public,Master's Colleges & Universities,"Fredonia, NY",www.fredonia.edu,www.fredoniabluedevils.com,687_687.favicon.ico
Hilbert College,Division III,Division III,Non-DI,Active Member,Allegheny Mountain Collegiate Conference,Allegheny Mountain Collegiate Conference,Non-HBCU,Private,Baccalaureate Colleges,"Hamburg, NY",www.hilbert.edu,www.hilberthawks.com,688_688.site.png
"Buffalo State, State University of New York",Division III,Division III,Non-DI,Active Member,State University of New York Athletic Conference,State University of New York Athletic Conference,Non-HBCU,Public,Master's Colleges & Universities,"Buffalo, NY",www.buffalostate.edu,www.buffalostateathletics.com,689_689.site.png
Canisius College,Division I,Division I,DI Subdivision,Active Member,Metro Atlantic Athletic Conference,Metro Atlantic Athletic Conference,Non-HBCU,Private,Master's Colleges & Universities,"Buffalo, NY",www.canisius.edu,www.gogriffs.com,691_691.favicon.ico
Medaille College,Division III,Division III,Non-DI,Active Member,Allegheny Mountain Collegiate Conference,Allegheny Mountain Collegiate Conference,Non-HBCU,Private,Master's Colleges & Universities,"Buffalo, NY",www.medaille.edu/,www.medaillesports.com,
Daemen College,Division II,Division II,Non-DI,Active Member,East Coast Conference,East Coast Conference,Non-HBCU,Private,Research Universities,"Amherst, NY",wildcats.daemen.edu,www.daemen.edu,
"University at Buffalo, the State University of New York",Division I,Division I,DI FBS,Active Member,Mid-American Conference,Mid-American Conference,Non-HBCU,Public,Research Universities,"Buffalo, NY",www.buffalo.edu,www.ubbulls.com,694_694.favicon.ico
Niagara University,Division I,Division I,DI Subdivision,Active Member,Metro Atlantic Athletic Conference,Metro Atlantic Athletic Conference,Non-HBCU,Private,Master's Colleges & Universities,"Niagara University, NY",www.niagara.edu,www.purpleeagles.com,695_695.site.png
Rochester Institute of Technology,Division III,Division III,Non-DI,Active Member,Liberty League,Liberty League,Non-HBCU,Private,Research Universities,"Rochester, NY",www.rit.edu/,www.ritathletics.com,696_696.site.png
St. John Fisher College,Division III,Division III,Non-DI,Active Member,Empire 8,Empire 8,Non-HBCU,Private,Research Universities,"Rochester, NY",www.sjfc.edu/,www.sjfc.edu/athletics,
Nazareth College,Division III,Division III,Non-DI,Active Member,Empire 8,Empire 8,Non-HBCU,Private,Master's Colleges & Universities,"Rochester, NY",www.naz.edu,www.nazathletics.com,698_698.site.png
Roberts Wesleyan College,Division II,Division II,Non-DI,Active Member,East Coast Conference,East Coast Conference,Non-HBCU,Private,Master's Colleges & Universities,"Rochester, NY",athletics.roberts.edu/,www.roberts.edu,700_700.favicon.ico
"College at Brockport, State University of New York",Division III,Division III,Non-DI,Active Member,State University of New York Athletic Conference,State University of New York Athletic Conference,Non-HBCU,Public,Master's Colleges & Universities,"Brockport, NY",gobrockport.com,www.brockport.edu,701_701.favicon.ico
State University of New York at Oswego,Division III,Division III,Non-DI,Active Member,State University of New York Athletic Conference,State University of New York Athletic Conference,Non-HBCU,Public,Master's Colleges & Universities,"Oswego, NY",oswegolakers.com/index.aspx,www.oswego.edu/index,702_702.favicon.ico
Le Moyne College,Division II,Division II,Non-DI,Active Member,Northeast-10 Conference,Northeast-10 Conference,Non-HBCU,Private,Master's Colleges & Universities,"Syracuse, NY",www.lemoyne.edu/,www.lemoynedolphins.com,703_703.site.png
Syracuse University,Division I,Division I,DI FBS,Active Member,Atlantic Coast Conference,Atlantic Coast Conference,Non-HBCU,Private,Research Universities,"Syracuse, NY",suathletics.com,www.syr.edu/,704_704.site.png
Utica College,Division III,Division III,Non-DI,Active Member,Empire 8,Empire 8,Non-HBCU,Private,Master's Colleges & Universities,"Utica, NY",www.ucpioneers.com,www.utica.edu/,705_705.favicon.ico
State University of New York Polytechnic Institute,Division III,Division III,Non-DI,Active Member,North Eastern Athletic Conference,North Eastern Athletic Conference,Non-HBCU,Public,Master's Colleges & Universities,"Utica, NY",www.sunyit.edu,www.wildcats.sunyit.edu,
University of Michigan,Division I,Division I,DI FBS,Active Member,Big Ten Conference,Big Ten Conference,Non-HBCU,Public,Research Universities,"Ann Arbor, MI",mgoblue.com,www.umich.edu/,710_710.favicon.ico
University of Detroit Mercy,Division I,Division I,DI Subdivision,Active Member,Horizon League,Horizon League,Non-HBCU,Private,Research Universities,"Detroit, MI",www.detroittitans.com,www.udmercy.edu,711_711.favicon.ico
Oakland University,Division I,Division I,DI Subdivision,Active Member,Horizon League,Horizon League,Non-HBCU,Public,Research Universities,"Rochester, MI",www.goldengrizzlies.com,www.oakland.edu,712_712.site.png
Western Michigan University,Division I,Division I,DI FBS,Active Member,Mid-American Conference,Mid-American Conference,Non-HBCU,Public,Research Universities,"Kalamazoo, MI",www.wmich.edu,www.wmubroncos.com,715_715.site.png
University of Notre Dame,Division I,Division I,DI FBS,Active Member,Atlantic Coast Conference,Atlantic Coast Conference,Non-HBCU,Private,Research Universities,"Notre Dame, IN",www.nd.edu,www.und.com,716_716.apple-touch-icon.png
Kalamazoo College,Division III,Division III,Non-DI,Active Member,Michigan Intercol. Ath. Assn.,Michigan Intercol. Ath. Assn.,Non-HBCU,Private,Baccalaureate Colleges,"Kalamazoo, MI",hornets.kzoo.edu/landing/index,www.kzoo.edu/,717_717.favicon-194x194.png
Michigan State University,Division I,Division I,DI FBS,Active Member,Big Ten Conference,Big Ten Conference,Non-HBCU,Public,Research Universities,"East Lansing, MI",www.msu.edu,www.msuspartans.com,718_718.site.png
Grand Valley State University,Division II,Division II,Non-DI,Active Member,Great Lakes Intercollegiate Athletic Conference,Great Lakes Intercollegiate Athletic Conference,Non-HBCU,Public,Master's Colleges & Universities,"Allendale, MI",gvsulakers.com,www.gvsu.edu,720_720.site.png
Central Michigan University,Division I,Division I,DI FBS,Active Member,Mid-American Conference,Mid-American Conference,Non-HBCU,Public,Research Universities,"Mount Pleasant, MI",www.cmich.edu,www.cmuchippewas.com,722_722.site.png
University of Wisconsin-Parkside,Division II,Division II,Non-DI,Active Member,Great Lakes Intercollegiate Athletic Conference,Great Lakes Intercollegiate Athletic Conference,Non-HBCU,Public,Baccalaureate Colleges,"Kenosha, WI",www.parksiderangers.com,www.uwp.edu,727_727.site.png
Beloit College,Division III,Division III,Non-DI,Active Member,Midwest Conference,Midwest Conference,Non-HBCU,Private,Baccalaureate Colleges,"Beloit, WI",www.beloit.edu,www.beloit.edu/bucs/,728_728.site.png
Edgewood College,Division III,Division III,Non-DI,Active Member,Northern Athletics Collegiate Conference,Northern Athletics Collegiate Conference,Non-HBCU,Private,Research Universities,"Madison, WI",www.EdgewoodCollegeEagles.com,www.edgewood.edu,730_730.favicon.ico
University of Wisconsin-Madison,Division I,Division I,DI FBS,Active Member,Big Ten Conference,Big Ten Conference,Non-HBCU,Public,Research Universities,"Madison, WI",www.uwbadgers.com,www.wisc.edu/,731_731.android-chrome-192x192.png
University of Wisconsin-Whitewater,Division III,Division III,Non-DI,Active Member,Wisconsin Intercollegiate Athletic Conference,Wisconsin Intercollegiate Athletic Conference,Non-HBCU,Public,Master's Colleges & Universities,"Whitewater, WI",www.uww.edu/,www.uwwsports.com,733_733.favicon.ico
Carthage College,Division III,Division III,Non-DI,Active Member,College Conference of Illinois & Wisconsin,College Conference of Illinois & Wisconsin,Non-HBCU,Private,Baccalaureate Colleges,"Kenosha, WI",athletics.carthage.edu,www.carthage.edu,734_734.site.png
University of Wisconsin-Milwaukee,Division I,Division I,DI Subdivision,Active Member,Horizon League,Horizon League,Non-HBCU,Public,Research Universities,"Milwaukee, WI",www.mkepanthers.com,www4.uwm.edu,735_735.site.png
Alverno College,Division III,Division III,Non-DI,Active Member,Northern Athletics Collegiate Conference,Northern Athletics Collegiate Conference,Non-HBCU,Private,Master's Colleges & Universities,"Milwaukee, WI",athletics.alverno.edu/,www.alverno.edu,736_736.site.png
Wisconsin Lutheran College,Division III,Division III,Non-DI,Active Member,Northern Athletics Collegiate Conference,Northern Athletics Collegiate Conference,Non-HBCU,Private,Baccalaureate Colleges,"Milwaukee, WI",www.wlc.edu,www.wlcsports.com/landing/index,737_737.favicon-194x194.png
Carroll University (Wisconsin),Division III,Division III,Non-DI,Active Member,College Conference of Illinois & Wisconsin,College Conference of Illinois & Wisconsin,Non-HBCU,Private,Master's Colleges & Universities,"Waukesha, WI",www.carrollu.edu,www.gopios.com,738_738.favicon.ico
Mount Mary University,Division III,Division III,Non-DI,Active Member,American Collegiate Athletic Association,American Collegiate Athletic Association,Non-HBCU,Private,Master's Colleges & Universities,"Milwaukee, WI",mtmaryathletics.com,www.mtmary.edu/,739_739.favicon-194x194.png
Concordia University Wisconsin,Division III,Division III,Non-DI,Active Member,Northern Athletics Collegiate Conference,Northern Athletics Collegiate Conference,Non-HBCU,Private,Research Universities,"Mequon, WI",www.cuw.edu,www.cuwfalcons.com,740_740.favicon-194x194.png
Lakeland University,Division III,Division III,Non-DI,Active Member,Northern Athletics Collegiate Conference,Northern Athletics Collegiate Conference,Non-HBCU,Private,Master's Colleges & Universities,"Plymouth, WI",lakelandmuskies.com/,www.lakeland.edu/,741_741.site.png
Ripon College,Division III,Division III,Non-DI,Active Member,Midwest Conference,Midwest Conference,Non-HBCU,Private,Baccalaureate Colleges,"Ripon, WI",www.ripon.edu,www.ripon.edu/athletics,744_744.site.png
Lawrence University,Division III,Division III,Non-DI,Active Member,Midwest Conference,Midwest Conference,Non-HBCU,Private,Baccalaureate Colleges,"Appleton, WI",www.lawrence.edu/,www.lawrence.edu/athletics,745_745.site.png
St. Norbert College,Division III,Division III,Non-DI,Active Member,Midwest Conference,Midwest Conference,Non-HBCU,Private,Baccalaureate Colleges,"De Pere, WI",www.snc.edu,www.snc.edu/athletics,746_746.apple-touch-icon-114x114-precomposed.png
University of Wisconsin-Stevens Point,Division III,Division III,Non-DI,Active Member,Wisconsin Intercollegiate Athletic Conference,Wisconsin Intercollegiate Athletic Conference,Non-HBCU,Public,Master's Colleges & Universities,"Stevens Point, WI",athletics.uwsp.edu,www.uwsp.edu/,747_747.site.png
University of Wisconsin-River Falls,Division III,Division III,Non-DI,Active Member,Wisconsin Intercollegiate Athletic Conference,Wisconsin Intercollegiate Athletic Conference,Non-HBCU,Public,Master's Colleges & Universities,"River Falls, WI",www.uwrf.edu/,www.uwrfsports.com,749_749.favicon.ico
University of Wisconsin-Stout,Division III,Division III,Non-DI,Active Member,Wisconsin Intercollegiate Athletic Conference,Wisconsin Intercollegiate Athletic Conference,Non-HBCU,Public,Master's Colleges & Universities,"Menomonie, WI",athletics.uwstout.edu,www.uwstout.edu/,750_750.site.png
Finlandia University,Division III,Division III,Non-DI,Active Member,American Collegiate Athletic Association,American Collegiate Athletic Association,Non-HBCU,Private,Baccalaureate Colleges,"Hancock, MI",www.finlandia.edu,www.fulions.com,754_754.favicon.ico
"Minnesota State University, Mankato",Division II,Division II,Non-DI,Active Member,Northern Sun Intercollegiate Conference,Northern Sun Intercollegiate Conference,Non-HBCU,Public,Master's Colleges & Universities,"Mankato, MN",www.mnsu.edu/,www.msumavericks.com,755_755.site.png
Carleton College,Division III,Division III,Non-DI,Active Member,Minnesota Intercollegiate Athletic Conference,Minnesota Intercollegiate Athletic Conference,Non-HBCU,Private,Baccalaureate Colleges,"Northfield, MN",apps.carleton.edu/athletics/,www.carleton.edu,756_756.favicon.ico
Macalester College,Division III,Division III,Non-DI,Active Member,Minnesota Intercollegiate Athletic Conference,Minnesota Intercollegiate Athletic Conference,Non-HBCU,Private,Baccalaureate Colleges,"St. Paul, MN",www.macalester.edu/,www.macalester.edu/athletics,757_757.site.png
North Central University,Division III,Division III,Non-DI,Active Member,Upper Midwest Athletic Conference,Upper Midwest Athletic Conference,Non-HBCU,Private,Baccalaureate Colleges,"Minneapolis, MN",www.ncurams.com,www.northcentral.edu/,758_758.site.png
St. Catherine University,Division III,Division III,Non-DI,Active Member,Minnesota Intercollegiate Athletic Conference,Minnesota Intercollegiate Athletic Conference,Non-HBCU,Private,Research Universities,"St. Paul, MN",www.stkate.edu/,www.stkate.edu/athletics,759_759.favicon.ico
"Concordia University, St. Paul",Division II,Division II,Non-DI,Active Member,Northern Sun Intercollegiate Conference,Northern Sun Intercollegiate Conference,Non-HBCU,Private,Master's Colleges & Universities,"St. Paul, MN",www.csp.edu,www.cugoldenbears.com/index.html,760_760.favicon.ico
University of Northwestern-St. Paul,Division III,Division III,Non-DI,Active Member,Upper Midwest Athletic Conference,Upper Midwest Athletic Conference,Non-HBCU,Private,Master's Colleges & Universities,"St. Paul, MN",unweagles.com,www.unwsp.edu,761_761.favicon.ico
Augsburg University,Division III,Division III,Non-DI,Active Member,Minnesota Intercollegiate Athletic Conference,Minnesota Intercollegiate Athletic Conference,Non-HBCU,Private,Master's Colleges & Universities,"Minneapolis, MN",athletics.augsburg.edu,www.augsburg.edu,762_762.site.png
Edinboro University of Pennsylvania,Division II,Division II,Non-DI,Active Member,Pennsylvania State Athletic Conference,Pennsylvania State Athletic Conference,Non-HBCU,Public,Master's Colleges & Universities,"Edinboro, PA",www.edinboro.edu,www.gofightingscots.com,763_763.favicon.ico
Gannon University,Division II,Division II,Non-DI,Active Member,Pennsylvania State Athletic Conference,Pennsylvania State Athletic Conference,Non-HBCU,Private,Research Universities,"Erie, PA",www.gannon.edu,www.gannon.edu/sports,
Mercyhurst University,Division II,Division II,Non-DI,Active Member,Pennsylvania State Athletic Conference,Pennsylvania State Athletic Conference,Non-HBCU,Private,Master's Colleges & Universities,"Erie, PA",www.hurstathletics.com,www.mercyhurst.edu/,765_765.site.png
Allegheny College,Division III,Division III,Non-DI,Active Member,North Coast Athletic Conference,North Coast Athletic Conference,Non-HBCU,Private,Baccalaureate Colleges,"Meadville, PA",www.allegheny.edu,www.alleghenygators.com,767_767.site.png
Thiel College,Division III,Division III,Non-DI,Active Member,Presidents' Athletic Conference,Presidents' Athletic Conference,Non-HBCU,Private,Baccalaureate Colleges,"Greenville, PA",www.thiel.edu,www.thielathletics.com,768_768.favicon.ico
Westminster College (Pennsylvania),Division III,Division III,Non-DI,Active Member,Presidents' Athletic Conference,Presidents' Athletic Conference,Non-HBCU,Private,Baccalaureate Colleges,"New Wilmington, PA",www.westminster.edu/,www.westminster.edu/athletics/,769_769.site.png
Slippery Rock University of Pennsylvania,Division II,Division II,Non-DI,Active Member,Pennsylvania State Athletic Conference,Pennsylvania State Athletic Conference,Non-HBCU,Public,Master's Colleges & Universities,"Slippery Rock, PA",www.rockathletics.com,www.sru.edu/,770_770.favicon.ico
Grove City College,Division III,Division III,Non-DI,Active Member,Presidents' Athletic Conference,Presidents' Athletic Conference,Non-HBCU,Private,Baccalaureate Colleges,"Grove City, PA",www.gcc.edu,www2.gcc.edu/sports/,771_771.favicon.ico
Geneva College,Division III,Division III,Non-DI,Active Member,Presidents' Athletic Conference,Presidents' Athletic Conference,Non-HBCU,Private,Master's Colleges & Universities,"Beaver Falls, PA",www.geneva.edu,www.geneva.edu/athletics/,
Robert Morris University,Division I,Division I,DI FCS,Active Member,Northeast Conference,Northeast Conference,Non-HBCU,Private,Research Universities,"Moon Township, PA",www.rmu.edu/,www.rmucolonials.com,773_773.favicon.ico
Duquesne University,Division I,Division I,DI FCS,Active Member,Atlantic 10 Conference,Atlantic 10 Conference,Non-HBCU,Private,Research Universities,"Pittsburgh, PA",www.GoDuquesne.com,www.duq.edu,775_775.site.png
Chatham University,Division III,Division III,Non-DI,Active Member,Presidents' Athletic Conference,Presidents' Athletic Conference,Non-HBCU,Private,Research Universities,"Pittsburgh, PA",www.chatham.edu,www.gochathamcougars.com,777_777.favicon.ico
Washington and Jefferson College,Division III,Division III,Non-DI,Active Member,Presidents' Athletic Conference,Presidents' Athletic Conference,Non-HBCU,Private,Baccalaureate Colleges,"Washington, PA",www.gopresidents.com,www.washjeff.edu,778_778.favicon.ico
California University of Pennsylvania,Division II,Division II,Non-DI,Active Member,Pennsylvania State Athletic Conference,Pennsylvania State Athletic Conference,Non-HBCU,Public,Master's Colleges & Universities,"California, PA",www.calu.edu,www.calvulcans.com,779_779.favicon.ico
Waynesburg University,Division III,Division III,Non-DI,Active Member,Presidents' Athletic Conference,Presidents' Athletic Conference,Non-HBCU,Private,Master's Colleges & Universities,"Waynesburg, PA",sports.waynesburg.edu,www.waynesburg.edu/,
Seton Hill University,Division II,Division II,Non-DI,Active Member,Pennsylvania State Athletic Conference,Pennsylvania State Athletic Conference,Non-HBCU,Private,Master's Colleges & Universities,"Greensburg, PA",athletics.setonhill.edu/,www.setonhill.edu/,781_781.favicon.ico
"University of Pittsburgh, Greensburg",Division III,Division III,Non-DI,Active Member,Allegheny Mountain Collegiate Conference,Allegheny Mountain Collegiate Conference,Non-HBCU,Public,Baccalaureate Colleges,"Greensburg, PA",pittgreensburgathletics.com/,www.greensburg.pitt.edu/,782_782.favicon.ico
Saint Vincent College,Division III,Division III,Non-DI,Active Member,Presidents' Athletic Conference,Presidents' Athletic Conference,Non-HBCU,Private,Baccalaureate Colleges,"Latrobe, PA",athletics.stvincent.edu/,www.stvincent.edu,783_783.favicon.ico
Clarion University of Pennsylvania,Division II,Division II,Non-DI,Active Member,Pennsylvania State Athletic Conference,Pennsylvania State Athletic Conference,Non-HBCU,Public,Master's Colleges & Universities,"Clarion, PA",www.clarion.edu,www.clariongoldeneagles.com/,784_784.site.png
Indiana University of Pennsylvania,Division II,Division II,Non-DI,Active Member,Pennsylvania State Athletic Conference,Pennsylvania State Athletic Conference,Non-HBCU,Public,Research Universities,"Indiana, PA",www.iup.edu/,www.iupathletics.com/,786_786.site.png
"University of Pittsburgh, Johnstown",Division II,Division II,Non-DI,Active Member,Pennsylvania State Athletic Conference,Pennsylvania State Athletic Conference,Non-HBCU,Public,Baccalaureate Colleges,"Johnstown, PA",pittjohnstownathletics.com/,www.upj.pitt.edu,787_787.site.png
Saint Francis University (Pennsylvania),Division I,Division I,DI FCS,Active Member,Northeast Conference,Northeast Conference,Non-HBCU,Private,Master's Colleges & Universities,"Loretto, PA",www.francis.edu,www.sfuathletics.com,788_788.site.png
Mount Aloysius College,Division III,Division III,Non-DI,Active Member,Allegheny Mountain Collegiate Conference,Allegheny Mountain Collegiate Conference,Non-HBCU,Private,Baccalaureate Colleges,"Cresson, PA",www.mountieathletics.com,www.mtaloy.edu,789_789.site.png
Pennsylvania State University,Division I,Division I,DI FBS,Active Member,Big Ten Conference,Big Ten Conference,Non-HBCU,Public,Research Universities,"University Park, PA",goPSUsports.com,www.psu.edu,792_792.site.png
Lock Haven University of Pennsylvania,Division II,Division II,Non-DI,Active Member,Pennsylvania State Athletic Conference,Pennsylvania State Athletic Conference,Non-HBCU,Public,Master's Colleges & Universities,"Lock Haven, PA",www.golhu.com,www.lhup.edu/,793_793.site.png
Wilson College,Division III,Division III,Non-DI,Active Member,Colonial States Athletic Conference,Colonial States Athletic Conference,Non-HBCU,Private,Master's Colleges & Universities,"Chambersburg, PA",www.wilson.edu,www.wilsonphoenix.com,794_794.favicon.ico
Shippensburg University of Pennsylvania,Division II,Division II,Non-DI,Active Member,Pennsylvania State Athletic Conference,Pennsylvania State Athletic Conference,Non-HBCU,Public,Master's Colleges & Universities,"Shippensburg, PA",www.ship.edu,www.shipraiders.com,795_795.site.png
Gettysburg College,Division III,Division III,Non-DI,Active Member,Centennial Conference,Centennial Conference,Non-HBCU,Private,Baccalaureate Colleges,"Gettysburg, PA",gettysburgsports.com,www.gettysburg.edu,796_796.favicon.ico
Dickinson College,Division III,Division III,Non-DI,Active Member,Centennial Conference,Centennial Conference,Non-HBCU,Private,Baccalaureate Colleges,"Carlisle, PA",www.dickinson.edu,www.dickinson.edu/sports,797_797.favicon-194x194.png
Messiah College,Division III,Division III,Non-DI,Active Member,Middle Atlantic Conferences,Middle Atlantic Conferences,Non-HBCU,Private,Master's Colleges & Universities,"Mechanicsburg, PA",www.gomessiah.com,www.messiah.edu,798_798.favicon.ico
Penn State Harrisburg,Division III,Division III,Non-DI,Active Member,North Eastern Athletic Conference,North Eastern Athletic Conference,Non-HBCU,Public,Master's Colleges & Universities,"Middletown, PA",harrisburg.psu.edu/athletics/,www.hbg.psu.edu,799_799.favicon.ico
Susquehanna University,Division III,Division III,Non-DI,Active Member,Landmark Conference,Landmark Conference,Non-HBCU,Private,Baccalaureate Colleges,"Selinsgrove, PA",www.gosusqu.com,www.susqu.edu,800_800.favicon.ico
Bucknell University,Division I,Division I,DI FCS,Active Member,Patriot League,Patriot League,Non-HBCU,Private,Baccalaureate Colleges,"Lewisburg, PA",bucknell.edu,bucknellbison.com,801_801.site.png
Lycoming College,Division III,Division III,Non-DI,Active Member,Middle Atlantic Conferences,Middle Atlantic Conferences,Non-HBCU,Private,Baccalaureate Colleges,"Williamsport, PA",athletics.lycoming.edu/,www.lycoming.edu,802_802.site.png
Pennsylvania College of Technology,Division III,Division III,Non-DI,Active Member,North Eastern Athletic Conference,North Eastern Athletic Conference,Non-HBCU,Public,Baccalaureate Colleges,"Williamsport, PA",athletics.pct.edu,www.pct.edu,803_803.site.png
Mansfield University of Pennsylvania,Division II,Division II,Non-DI,Active Member,Pennsylvania State Athletic Conference,Pennsylvania State Athletic Conference,Non-HBCU,Public,Baccalaureate Colleges,"Mansfield, PA",www.gomounties.com,www.mansfield.edu,804_804.site.png
Bloomsburg University of Pennsylvania,Division II,Division II,Non-DI,Active Member,Pennsylvania State Athletic Conference,Pennsylvania State Athletic Conference,Non-HBCU,Public,Master's Colleges & Universities,"Bloomsburg, PA",www.bloomu.edu,www.buhuskies.com,805_805.site.png
Lebanon Valley College,Division III,Division III,Non-DI,Active Member,Middle Atlantic Conferences,Middle Atlantic Conferences,Non-HBCU,Private,Master's Colleges & Universities,"Annville, PA",www.godutchmen.com,www.lvc.edu,806_806.favicon.ico
Elizabethtown College,Division III,Division III,Non-DI,Active Member,Landmark Conference,Landmark Conference,Non-HBCU,Private,Baccalaureate Colleges,"Elizabethtown, PA",www.etown.edu,www.etownbluejays.com,807_807.site.png
Millersville University of Pennsylvania,Division II,Division II,Non-DI,Active Member,Pennsylvania State Athletic Conference,Pennsylvania State Athletic Conference,Non-HBCU,Public,Master's Colleges & Universities,"Millersville, PA",www.millersville.edu/index.php,www.millersvilleathletics.com/index.aspx,808_808.site.png
York College (Pennsylvania),Division III,Division III,Non-DI,Active Member,Capital Athletic Conference Inc.,Capital Athletic Conference Inc.,Non-HBCU,Private,Master's Colleges & Universities,"York, PA",www.ycp.edu,www.ycpspartans.com,809_809.favicon-194x194.png
Penn State Berks College,Division III,Division III,Non-DI,Active Member,North Eastern Athletic Conference,North Eastern Athletic Conference,Non-HBCU,Public,Baccalaureate Colleges,"Reading, PA",www.bk.psu.edu,www.psuberksathletics.com,810_810.site.png
Lancaster Bible College,Division III,Division III,Non-DI,Active Member,North Eastern Athletic Conference,North Eastern Athletic Conference,Non-HBCU,Private,Master's Colleges & Universities,"Lancaster, PA",www.lbc.edu,www.lbcchargers.com,811_811.favicon.ico
Albright College,Division III,Division III,Non-DI,Active Member,Middle Atlantic Conferences,Middle Atlantic Conferences,Non-HBCU,Private,Baccalaureate Colleges,"Reading, PA",www.albright.edu,www.albrightathletics.com,812_812.favicon.ico
Lafayette College,Division I,Division I,DI FCS,Active Member,Patriot League,Patriot League,Non-HBCU,Private,Baccalaureate Colleges,"Easton, PA",www.goleopards.com,www.lafayette.edu,813_813.site.png
Cairn University,Division III,Division III,Non-DI,Active Member,Colonial States Athletic Conference,Colonial States Athletic Conference,Non-HBCU,Private,Master's Colleges & Universities,"Langhorne, PA",www.cairn.edu,www.cairnhighlanders.com,814_814.favicon.ico
Holy Family University,Division II,Division II,Non-DI,Active Member,Central Atlantic Collegiate Conference,Central Atlantic Collegiate Conference,Non-HBCU,Private,Master's Colleges & Universities,"Philadelphia, PA",athletics.holyfamily.edu,www.holyfamily.edu,815_815.favicon.ico
Bryn Athyn College,Division III,Division III,Non-DI,Active Member,Colonial States Athletic Conference,Colonial States Athletic Conference,Non-HBCU,Private,Baccalaureate Colleges,"Bryn Athyn, PA",www.brynathyn.edu,www.brynathynathletics.com,816_816.site.png
"Penn State University, Abington",Division III,Division III,Non-DI,Active Member,North Eastern Athletic Conference,North Eastern Athletic Conference,Non-HBCU,Public,Baccalaureate Colleges,"Abington, PA",www.abington.psu.edu,www.abingtonsports.com,817_817.favicon.ico
Arcadia University,Division III,Division III,Non-DI,Active Member,Middle Atlantic Conferences,Middle Atlantic Conferences,Non-HBCU,Private,Master's Colleges & Universities,"Glenside, PA",athletics.arcadia.edu,www.arcadia.edu,818_818.site.png
Thomas Jefferson University,Division II,Division II,Non-DI,Active Member,Central Atlantic Collegiate Conference,Central Atlantic Collegiate Conference,Non-HBCU,Private,-2.0,"Philadelphia, PA",www.Philaurams.com,www.philau.edu,819_819.site.png
Chestnut Hill College,Division II,Division II,Non-DI,Active Member,Central Atlantic Collegiate Conference,Central Atlantic Collegiate Conference,Non-HBCU,Private,Master's Colleges & Universities,"Philadelphia, PA",www.chc.edu,www.griffinathletics.com,820_820.favicon.ico
La Salle University,Division I,Division I,DI Subdivision,Active Member,Atlantic 10 Conference,Atlantic 10 Conference,Non-HBCU,Private,Master's Colleges & Universities,"Philadelphia, PA",www.goexplorers.com/,www.lasalle.edu/,821_821.favicon.ico
"Rutgers, The State Univ. of New Jersey, Camden",Division III,Division III,Non-DI,Active Member,New Jersey Athletic Conference,New Jersey Athletic Conference,Non-HBCU,Public,Research Universities,"Camden, NJ",www.camden.rutgers.edu,www.scarletraptors.com,822_822.favicon.ico
Drexel University,Division I,Division I,DI Subdivision,Active Member,Colonial Athletic Association,Colonial Athletic Association,Non-HBCU,Private,Research Universities,"Philadelphia, PA",www.drexel.edu,www.drexeldragons.com,823_823.favicon.ico
Saint Joseph's University,Division I,Division I,DI Subdivision,Active Member,Atlantic 10 Conference,Atlantic 10 Conference,Non-HBCU,Private,Master's Colleges & Universities,"Philadelphia, PA",sjuhawks.com,www.sju.edu/,825_825.favicon.ico
Bryn Mawr College,Division III,Division III,Non-DI,Active Member,Centennial Conference,Centennial Conference,Non-HBCU,Private,Baccalaureate Colleges,"Bryn Mawr, PA",www.brynmawr.edu,www.brynmawr.edu/athletics/,826_826.favicon-194x194.png
Villanova University,Division I,Division I,DI FCS,Active Member,Big East Conference,Big East Conference,Non-HBCU,Private,Research Universities,"Villanova, PA",www.villanova.com,www.villanova.edu,828_828.site.png
Eastern University,Division III,Division III,Non-DI,Active Member,Middle Atlantic Conferences,Middle Atlantic Conferences,Non-HBCU,Private,Master's Colleges & Universities,"St. Davids, PA",www.eastern.edu,www.goeasterneagles.com,829_829.site.png
Cabrini University,Division III,Division III,Non-DI,Active Member,Atlantic East Conference,Atlantic East Conference,Non-HBCU,Private,Master's Colleges & Universities,"Radnor, PA",www.cabrini.edu,www.cabriniathletics.com,830_830.site.png
Immaculata University,Division III,Division III,Non-DI,Active Member,Atlantic East Conference,Atlantic East Conference,Non-HBCU,Private,Research Universities,"Immaculata, PA",www.gomightymacs.com,www.immaculata.edu,831_831.favicon.ico
Swarthmore College,Division III,Division III,Non-DI,Active Member,Centennial Conference,Centennial Conference,Non-HBCU,Private,Baccalaureate Colleges,"Swarthmore, PA",www.swarthmore.edu/,www.swarthmoreathletics.com/,832_832.site.png
Neumann University,Division III,Division III,Non-DI,Active Member,Atlantic East Conference,Atlantic East Conference,Non-HBCU,Private,Master's Colleges & Universities,"Aston, PA",www.neumann.edu,www.neumannathletics.com,833_833.site.png
West Chester University of Pennsylvania,Division II,Division II,Non-DI,Active Member,Pennsylvania State Athletic Conference,Pennsylvania State Athletic Conference,Non-HBCU,Public,Master's Colleges & Universities,"West Chester, PA",www.wcupa.edu/,www.wcupagoldenrams.com,834_834.favicon.ico
University of Valley Forge,Division III,Division III,Non-DI,Active Member,American Collegiate Athletic Association,American Collegiate Athletic Association,Non-HBCU,Private,Baccalaureate Colleges,"Phoenixville, PA",uvfpatriots.com,www.valleyforge.edu,835_835.site.png
Gwynedd Mercy University,Division III,Division III,Non-DI,Active Member,Atlantic East Conference,Atlantic East Conference,Non-HBCU,Private,Master's Colleges & Universities,"Gwynedd Valley, PA",gwyneddathletics.com/,www.gmercyu.edu,837_837.site.png
Delaware Valley University,Division III,Division III,Non-DI,Active Member,Middle Atlantic Conferences,Middle Atlantic Conferences,Non-HBCU,Private,Master's Colleges & Universities,"Doylestown, PA",www.delval.edu,www.delval.edu/athletics,838_838.favicon.ico
DeSales University,Division III,Division III,Non-DI,Active Member,Middle Atlantic Conferences,Middle Atlantic Conferences,Non-HBCU,Private,Master's Colleges & Universities,"Center Valley, PA",athletics.desales.edu,www.desales.edu,839_839.site.png
Lehigh University,Division I,Division I,DI FCS,Active Member,Patriot League,Patriot League,Non-HBCU,Private,Research Universities,"Bethlehem, PA",www.lehighsports.com/,www1.lehigh.edu/,840_840.favicon.ico
Cedar Crest College,Division III,Division III,Non-DI,Active Member,Colonial States Athletic Conference,Colonial States Athletic Conference,Non-HBCU,Private,Master's Colleges & Universities,"Allentown, PA",www.cedarcrest.edu,www.cedarcrestathletics.com,842_842.site.png
Kutztown University of Pennsylvania,Division II,Division II,Non-DI,Active Member,Pennsylvania State Athletic Conference,Pennsylvania State Athletic Conference,Non-HBCU,Public,Master's Colleges & Universities,"Kutztown, PA",www.kubears.com,www.kutztown.edu,843_843.site.png
East Stroudsburg University of Pennsylvania,Division II,Division II,Non-DI,Active Member,Pennsylvania State Athletic Conference,Pennsylvania State Athletic Conference,Non-HBCU,Public,Master's Colleges & Universities,"East Stroudsburg, PA",www.esu.edu,www.esu.edu/athletics,844_844.site.png
Wilkes University,Division III,Division III,Non-DI,Active Member,Middle Atlantic Conferences,Middle Atlantic Conferences,Non-HBCU,Private,Research Universities,"Wilkes-Barre, PA",www.gowilkesu.com,www.wilkes.edu,845_845.site.png
Marywood University,Division III,Division III,Non-DI,Active Member,Atlantic East Conference,Atlantic East Conference,Non-HBCU,Private,Master's Colleges & Universities,"Scranton, PA",www.marywood.edu,www.marywoodpacers.com,847_847.site.png
Misericordia University,Division III,Division III,Non-DI,Active Member,Middle Atlantic Conferences,Middle Atlantic Conferences,Non-HBCU,Private,Research Universities,"Dallas, PA",www.misericordia.edu/,www.misericordia.edu/athletics,
Clarks Summit University,Division III,Division III,Non-DI,Active Member,Colonial States Athletic Conference,Colonial States Athletic Conference,Non-HBCU,Private,Special Focus Schools,"Clarks Summit, PA",www.clarkssummitu.edu,www.gocsudefenders.com,849_849.site.png
Keystone College,Division III,Division III,Non-DI,Active Member,Colonial States Athletic Conference,Colonial States Athletic Conference,Non-HBCU,Private,Baccalaureate Colleges,"La Plume, PA",www.keystone.edu,www.keystone.edu/athletics,850_850.KC_Favicon.png
King's College (Pennsylvania),Division III,Division III,Non-DI,Active Member,Middle Atlantic Conferences,Middle Atlantic Conferences,Non-HBCU,Private,Master's Colleges & Universities,"Wilkes-Barre, PA",www.kings.edu/,www.kingscollegeathletics.com/,851_851.site.png
The University of Southern Mississippi,Division I,Division I,DI FBS,Active Member,Conference USA,Conference USA,Non-HBCU,Public,Research Universities,"Hattiesburg, MS",Southernmiss.com,www.usm.edu/,853_853.site.png
Belhaven University,Division III,Division III,Non-DI,Active Member,American Southwest Conference,American Southwest Conference,Non-HBCU,Private,Master's Colleges & Universities,"Jackson, MS",blazers.belhaven.edu,www.belhaven.edu,854_854.favicon.ico
Jackson State University,Division I,Division I,DI FCS,Active Member,Southwestern Athletic Conf.,Southwestern Athletic Conf.,HBCU,Public,Research Universities,"Jackson, MS",www.jsums.edu/,www.jsutigers.com,855_855.site.png
Mississippi College,Division II,Division II,Non-DI,Active Member,Gulf South Conference,Gulf South Conference,Non-HBCU,Private,Research Universities,"Clinton, MS",www.gochoctaws.com,www.mc.edu,856_856.favicon.ico
Delta State University,Division II,Division II,Non-DI,Active Member,Gulf South Conference,Gulf South Conference,Non-HBCU,Public,Master's Colleges & Universities,"Cleveland, MS",www.deltastate.edu,www.gostatesmen.com,858_858.site.png
Mississippi State University,Division I,Division I,DI FBS,Active Member,Southeastern Conference,Southeastern Conference,Non-HBCU,Public,Research Universities,"Mississippi State, MS",www.hailstate.com,www.msstate.edu/,859_859.site.png
Mississippi University for Women,Division III,Division III,Non-DI,Provisional Member,Independent,Independent,Non-HBCU,Public,Master's Colleges & Universities,"Columbus, MS",www.muw.edu,www.owlsathletics.com/landing/index,860_860.site.png
Auburn University at Montgomery,Division II,Division II,Non-DI,Active Member,Gulf South Conference,Gulf South Conference,Non-HBCU,Public,Master's Colleges & Universities,"Montgomery, AL",www.aum.edu,www.aumathletics.com,862_862.favicon.ico
Troy University,Division I,Division I,DI FBS,Active Member,Sun Belt Conference,Sun Belt Conference,Non-HBCU,Public,Master's Colleges & Universities,"Troy, AL",www.troy.edu,www.troytrojans.com,863_863.favicon.ico
Tuskegee University,Division II,Division II,Non-DI,Active Member,Southern Intercol. Ath. Conf.,Southern Intercol. Ath. Conf.,HBCU,Private,Master's Colleges & Universities,"Tuskegee, AL",www.goldentigersports.com/,www.tuskegee.edu,865_865.site.png
Auburn University,Division I,Division I,DI FBS,Active Member,Southeastern Conference,Southeastern Conference,Non-HBCU,Public,Research Universities,"Auburn, AL",www.auburn.edu,www.auburntigers.com,866_866.site.png
University of Alabama,Division I,Division I,DI FBS,Active Member,Southeastern Conference,Southeastern Conference,Non-HBCU,Public,Research Universities,"Tuscaloosa, AL",www.rolltide.com,www.ua.edu,867_867.site.png
Miles College,Division II,Division II,Non-DI,Active Member,Southern Intercol. Ath. Conf.,Southern Intercol. Ath. Conf.,HBCU,Private,Baccalaureate Colleges,"Fairfield, AL",milesgoldenbears.com/,www.miles.edu,868_868.site.png
Birmingham-Southern College,Division III,Division III,Non-DI,Active Member,Southern Athletic Association,Southern Athletic Association,Non-HBCU,Private,Baccalaureate Colleges,"Birmingham, AL",www.bsc.edu,www.bscsports.net,869_869.favicon.ico
Samford University,Division I,Division I,DI FCS,Active Member,Southern Conference,Southern Conference,Non-HBCU,Private,Research Universities,"Birmingham, AL",samfordsports.com,www.samford.edu/,870_870.site.png
Jacksonville State University,Division I,Division I,DI FCS,Active Member,Ohio Valley Conference,Ohio Valley Conference,Non-HBCU,Public,Master's Colleges & Universities,"Jacksonville, AL",www.jsu.edu,www.jsugamecocksports.com,871_871.site.png
University of North Alabama,Division II,Division II,Non-DI,II Reclassifying to I (B20.5.2.1),ASUN Conference,ASUN Conference,Non-HBCU,Public,Master's Colleges & Universities,"Florence, AL",www.roarlions.com,www.una.edu/,872_872.site.png
Valdosta State University,Division II,Division II,Non-DI,Active Member,Gulf South Conference,Gulf South Conference,Non-HBCU,Public,Research Universities,"Valdosta, GA",www.valdosta.edu/,www.vstateblazers.com,873_873.favicon.ico
Albany State University (Georgia),Division II,Division II,Non-DI,Active Member,Southern Intercol. Ath. Conf.,Southern Intercol. Ath. Conf.,HBCU,Public,Master's Colleges & Universities,"Albany, GA",www.asugoldenrams.com,www.asurams.edu,874_874.favicon.ico
Columbus State University,Division II,Division II,Non-DI,Active Member,Peach Belt Conference,Peach Belt Conference,Non-HBCU,Public,Master's Colleges & Universities,"Columbus, GA",csucougars.com,www.columbusstate.edu,875_875.favicon.ico
Fort Valley State University,Division II,Division II,Non-DI,Active Member,Southern Intercol. Ath. Conf.,Southern Intercol. Ath. Conf.,HBCU,Public,Master's Colleges & Universities,"Fort Valley, GA",www.fvsu.edu,www.fvsusports.com,876_876.favicon.ico
Savannah State University,Division I,Division I,DI FCS,Reclass DI to DII,Southern Intercol. Ath. Conf.,Southern Intercol. Ath. Conf.,HBCU,Public,Master's Colleges & Universities,"Savannah, GA",ssuathletics.com/,www.savannahstate.edu,878_878.favicon.ico
Georgia Southern University,Division I,Division I,DI FBS,Active Member,Sun Belt Conference,Sun Belt Conference,Non-HBCU,Public,Research Universities,"Statesboro, GA",www.georgiasouthern.edu,www.gseagles.com/,879_879.favicon.ico
Mercer University,Division I,Division I,DI FCS,Active Member,Southern Conference,Southern Conference,Non-HBCU,Private,Research Universities,"Macon, GA",www.mercerbears.com,www2.mercer.edu/default.htm,880_880.favicon.ico
Clayton State University,Division II,Division II,Non-DI,Active Member,Peach Belt Conference,Peach Belt Conference,Non-HBCU,Public,Master's Colleges & Universities,"Morrow, GA",www.athletics.clayton.edu,www.clayton.edu,
Georgia College,Division II,Division II,Non-DI,Active Member,Peach Belt Conference,Peach Belt Conference,Non-HBCU,Public,Master's Colleges & Universities,"Milledgeville, GA",www.gcbobcats.com,www.gcsu.edu,883_883.apple-touch-icon.png
Kennesaw State University,Division I,Division I,DI FCS,Active Member,ASUN Conference,ASUN Conference,Non-HBCU,Public,Research Universities,"Kennesaw, GA",www.kennesaw.edu/,www.ksuowls.com,886_886.site.png
Berry College,Division III,Division III,Non-DI,Active Member,Southern Athletic Association,Southern Athletic Association,Non-HBCU,Private,Master's Colleges & Universities,"Mount Berry, GA",www.berry.edu,www.berryvikings.com,887_887.favicon.ico
Shorter University,Division II,Division II,Non-DI,Active Member,Gulf South Conference,Gulf South Conference,Non-HBCU,Private,Master's Colleges & Universities,"Rome, GA",www.goshorterhawks.com,www.shorter.edu,888_888.favicon.ico
University of West Georgia,Division II,Division II,Non-DI,Active Member,Gulf South Conference,Gulf South Conference,Non-HBCU,Public,Research Universities,"Carrollton, GA",www.uwgsports.com,www.westga.edu,889_889.site.png
University of North Georgia,Division II,Division II,Non-DI,Active Member,Peach Belt Conference,Peach Belt Conference,Non-HBCU,Public,Master's Colleges & Universities,"Dahlonega, GA",www.ung.edu/,www.ungathletics.com,890_890.site.png
University of Georgia,Division I,Division I,DI FBS,Active Member,Southeastern Conference,Southeastern Conference,Non-HBCU,Public,Research Universities,"Athens, GA",www.georgiadogs.com,www.uga.edu,891_891.site.png
Charleston Southern University,Division I,Division I,DI FCS,Active Member,Big South Conference,Big South Conference,Non-HBCU,Private,Master's Colleges & Universities,"Charleston, SC",www.csuniv.edu,www.csusports.com,893_893.site.png
Benedict College,Division II,Division II,Non-DI,Active Member,Southern Intercol. Ath. Conf.,Southern Intercol. Ath. Conf.,HBCU,Private,Baccalaureate Colleges,"Columbia, SC",benedicttigers.com,www.benedict.edu,894_894.favicon.ico
Paine College,Division II,Division II,Non-DI,Active Member,Southern Intercol. Ath. Conf.,Southern Intercol. Ath. Conf.,HBCU,Private,Baccalaureate Colleges,"Augusta, GA",www.paine.edu,www.paineathletics.com,895_895.favicon.ico
University of South Carolina Aiken,Division II,Division II,Non-DI,Active Member,Peach Belt Conference,Peach Belt Conference,Non-HBCU,Public,Baccalaureate Colleges,"Aiken, SC",www.pacersports.com,www.usca.edu/,896_896.favicon.ico
Emmanuel College (Georgia),Division II,Division II,Non-DI,Active Member,Conference Carolinas,Conference Carolinas,Non-HBCU,Private,Baccalaureate Colleges,"Franklin Springs, GA",www.ec.edu,www.goeclions.com,897_897.favicon-194x194.png
Erskine College,Division II,Division II,Non-DI,Active Member,Conference Carolinas,Conference Carolinas,Non-HBCU,Private,Baccalaureate Colleges,"Due West, SC",www.erskine.edu,www.erskinesports.com,898_898.favicon.ico
Clemson University,Division I,Division I,DI FBS,Active Member,Atlantic Coast Conference,Atlantic Coast Conference,Non-HBCU,Public,Research Universities,"Clemson, SC",www.clemson.edu,www.clemsontigers.com,901_901.stamp.png
Southern Wesleyan University,Division II,Division II,Non-DI,Active Member,Conference Carolinas,Conference Carolinas,Non-HBCU,Private,Master's Colleges & Universities,"Central, SC",www.swu.edu,www.swuathletics.com,902_902.site.png
Methodist University,Division III,Division III,Non-DI,Active Member,USA South Athletic Conference,USA South Athletic Conference,Non-HBCU,Private,Master's Colleges & Universities,"Fayetteville, NC",www.methodist.edu,www.mumonarchs.com,903_903.site.png
Winthrop University,Division I,Division I,DI Subdivision,Active Member,Big South Conference,Big South Conference,Non-HBCU,Public,Master's Colleges & Universities,"Rock Hill, SC",www.winthrop.edu/,www.winthropeagles.com,904_904.site.png
South Carolina State University,Division I,Division I,DI FCS,Active Member,Mid-Eastern Athletic Conf.,Mid-Eastern Athletic Conf.,HBCU,Public,Master's Colleges & Universities,"Orangeburg, SC",www.scsu.edu/,www.scsusports.com,905_905.cropped-favicon-01-1-270x270.png
Converse College,Division II,Division II,Non-DI,Active Member,Conference Carolinas,Conference Carolinas,Non-HBCU,Private,Master's Colleges & Universities,"Spartanburg, SC",govalkyries.com,www.converse.edu,906_906.site.png
Wofford College,Division I,Division I,DI FCS,Active Member,Southern Conference,Southern Conference,Non-HBCU,Private,Baccalaureate Colleges,"Spartanburg, SC",www.wofford.edu/,www.wofford.edu/athletics,907_907.favicon.ico
North Greenville University,Division II,Division II,Non-DI,Active Member,Conference Carolinas,Conference Carolinas,Non-HBCU,Private,Master's Colleges & Universities,"Tigerville, SC",www.ngcrusaders.com,www.ngu.edu/,908_908.site.png
Furman University,Division I,Division I,DI FCS,Active Member,Southern Conference,Southern Conference,Non-HBCU,Private,Baccalaureate Colleges,"Greenville, SC",www.furman.edu,www.furmanpaladins.com,909_909.site.png
North Carolina Central University,Division I,Division I,DI FCS,Active Member,Mid-Eastern Athletic Conf.,Mid-Eastern Athletic Conf.,HBCU,Public,Master's Colleges & Universities,"Durham, NC",www.nccu.edu/,www.nccueaglepride.com,911_911.site.png
Shaw University,Division II,Division II,Non-DI,Active Member,Central Intercollegiate Athletic Association,Central Intercollegiate Athletic Association,HBCU,Private,Baccalaureate Colleges,"Raleigh, NC",www.shawbears.com,www.shawu.edu,912_912.favicon-194x194.png
Campbell University,Division I,Division I,DI FCS,Active Member,Big South Conference,Big South Conference,Non-HBCU,Private,Research Universities,"Buies Creek, NC",www.campbell.edu,www.gocamels.com,913_913.site.png
William Peace University,Division III,Division III,Non-DI,Active Member,USA South Athletic Conference,USA South Athletic Conference,Non-HBCU,Private,Baccalaureate Colleges,"Raleigh, NC",www.gopeacepacers.org,www.peace.edu/,914_914.favicon.ico
